-- Inserción de comunas de la Región Metropolitana (continuación)
--
INSERT INTO
    comuna (id_comuna, nombre)
VALUES
    (1, 'Maipú'),
    (2, 'Ñuñoa'),
    (3, 'La Florida'),
    (4, 'Puente Alto'),
    (5, 'Peñalolén'),
    (6, 'La Reina'),
    (7, 'San Bernardo'),
    (8, 'Quilicura'),
    (9, 'Pudahuel'),
    (10, 'Independencia');

INSERT INTO
    apoderado (id_apoderado, nombre, apellido, sexo, id_comuna)
VALUES
    (1, 'Nicol', 'Aguilera', 'F', 9),
    (2, 'Oscar', 'Gajardo', 'M', 10),
    (3, 'Rafael', 'Castillo', 'F', 3),
    (4, 'María', 'Chacón', 'F', 1),
    (5, 'Santiago', 'Padilla', 'F', 5),
    (6, 'Ricardo', 'Saavedra', 'F', 3),
    (7, 'Gabriela', 'Pérez', 'F', 6),
    (8, 'Santiago', 'Reyes', 'M', 2),
    (9, 'Martina', 'Valdebenito', 'F', 2),
    (10, 'Domingo', 'Ojeda', 'F', 7),
    (11, 'Cristóbal', 'Bravo', 'M', 5),
    (12, 'Silvia', 'Toledo', 'M', 1),
    (13, 'Ana', 'Contreras', 'F', 7),
    (14, 'Luis', 'Contreras', 'M', 1),
    (15, 'Gustavo', 'Alvarado', 'M', 10),
    (16, 'Soledad', 'Aguilar', 'F', 9),
    (17, 'Jonathan', 'Rozas', 'M', 7),
    (18, 'Leonardo', 'Núñez', 'M', 5),
    (19, 'Ramón', 'Orrego', 'F', 6),
    (20, 'María', 'Guajardo', 'F', 3),
    (21, 'José', 'Pérez', 'M', 8),
    (22, 'Carlos', 'Hernández', 'F', 2),
    (23, 'Doris', 'Herrera', 'M', 6),
    (24, 'José', 'Tapia', 'M', 2),
    (25, 'Paolo', 'Parra', 'M', 7),
    (26, 'Alberto', 'Acuña', 'M', 7),
    (27, 'Tamara', 'Rojas', 'M', 3),
    (28, 'Christian', 'Miranda', 'M', 9),
    (29, 'Guillermo', 'Santos', 'F', 4),
    (30, 'Sebastián', 'Sánchez', 'M', 7),
    (31, 'Margarita', 'Arroyo', 'M', 10),
    (32, 'Josefa', 'Castillo', 'F', 2),
    (33, 'Francisca', 'Guerrero', 'F', 7),
    (34, 'Angelo', 'Zárate', 'F', 9),
    (35, 'Viviana', 'Ruiz', 'M', 5),
    (36, 'Juan', 'López', 'M', 6),
    (37, 'Jorge', 'Mena', 'F', 8),
    (38, 'Myriam', 'Carreño', 'F', 2),
    (39, 'Antonia', 'Parada', 'F', 9),
    (40, 'Justo', 'Sepúlveda', 'F', 4),
    (41, 'Bárbara', 'Mella', 'F', 2),
    (42, 'Sophia', 'Saavedra', 'F', 6),
    (43, 'Inés', 'Castillo', 'M', 7),
    (44, 'Trinidad', 'Varas', 'M', 9),
    (45, 'Máximo', 'Reyes', 'F', 2),
    (46, 'Emilia', 'Molina', 'F', 2),
    (47, 'Samantha', 'Luna', 'M', 3),
    (48, 'Cristian', 'Santana', 'F', 3),
    (49, 'Vicente', 'González', 'M', 8),
    (50, 'Pamela', 'Briones', 'F', 5),
    (51, 'Sofía', 'Flores', 'F', 3),
    (52, 'Sebastián', 'Aguilera', 'M', 6),
    (53, 'Martina', 'Núñez', 'M', 1),
    (54, 'Néstor', 'Flores', 'M', 7),
    (55, 'Doralisa', 'Martínez', 'M', 2),
    (56, 'Manuel', 'Fonseca', 'M', 8),
    (57, 'Carla', 'Ortega', 'F', 9),
    (58, 'Cecilia', 'Lagos', 'F', 4),
    (59, 'Uberlinda', 'Meneses', 'M', 1),
    (60, 'Rodrigo', 'López', 'F', 10),
    (61, 'Natacha', 'Palma', 'F', 8),
    (62, 'Alejandra', 'Lagos', 'M', 9),
    (63, 'Igor', 'Avendaño', 'M', 3),
    (64, 'Víctor', 'Bustamante', 'F', 2),
    (65, 'Aliro', 'Olivares', 'M', 7),
    (66, 'Juan', 'Díaz', 'F', 7),
    (67, 'Luis', 'Bravo', 'F', 8),
    (68, 'Rosa', 'Lizana', 'M', 9),
    (69, 'Natalia', 'Parra', 'F', 8),
    (70, 'Jhon', 'Burgos', 'M', 7),
    (71, 'Renata', 'Carvajal', 'F', 5),
    (72, 'Claudia', 'Urra', 'M', 6),
    (73, 'Daniela', 'Meza', 'M', 10),
    (74, 'Yenifer', 'Romero', 'M', 3),
    (75, 'Jorge', 'Jaramillo', 'F', 2),
    (76, 'Krishna', 'Núñez', 'F', 1),
    (77, 'Marcela', 'Villarroel', 'M', 8),
    (78, 'Juana', 'Osorio', 'F', 5),
    (79, 'Clorinda', 'Moraga', 'F', 2),
    (80, 'Juana', 'Concha', 'F', 10),
    (81, 'Ana', 'Álvarez', 'F', 7),
    (82, 'Carlos', 'Ponce', 'F', 1),
    (83, 'Maura', 'Baez', 'M', 10),
    (84, 'Diego', 'Suárez', 'F', 1),
    (85, 'Norma', 'Paredes', 'F', 6),
    (86, 'Martina', 'Garrido', 'F', 2),
    (87, 'Diego', 'Hernández', 'F', 8),
    (88, 'Pablo', 'Maldonado', 'F', 6),
    (89, 'Bárbara', 'Orellana', 'M', 3),
    (90, 'Javiera', 'Vásquez', 'F', 2),
    (91, 'Jocelyn', 'Sepúlveda', 'M', 8),
    (92, 'Tiare', 'González', 'M', 5),
    (93, 'Alberto', 'Sandoval', 'M', 9),
    (94, 'Miguel', 'Durán', 'F', 3),
    (95, 'Emiliano', 'Avilés', 'M', 2),
    (96, 'Elena', 'Fuenzalida', 'M', 3),
    (97, 'Luis', 'Vargas', 'F', 3),
    (98, 'Armin', 'Valdés', 'F', 3),
    (99, 'Rodrigo', 'Rivera', 'M', 10),
    (100, 'Rosamel', 'Pizarro', 'M', 1),
    (101, 'Lesly', 'Gómez', 'F', 8),
    (102, 'Matías', 'Donoso', 'F', 10),
    (103, 'Isidora', 'Campos', 'F', 4),
    (104, 'Lucas', 'Velásquez', 'F', 8),
    (105, 'Iván', 'Ulloa', 'M', 7),
    (106, 'José', 'Zúñiga', 'F', 7),
    (107, 'Diego', 'Saavedra', 'M', 7),
    (108, 'Daniel', 'Espinoza', 'F', 2),
    (109, 'Cristóbal', 'Correa', 'M', 9),
    (110, 'Flor', 'Jiménez', 'F', 6),
    (111, 'María', 'Moya', 'M', 4),
    (112, 'Fabiola', 'Pavez', 'F', 9),
    (113, 'Pablo', 'Ortiz', 'M', 3),
    (114, 'Juan', 'Montecino', 'M', 5),
    (115, 'Rosa', 'Torres', 'M', 4),
    (116, 'Esteban', 'Arenas', 'F', 1),
    (117, 'Catalina', 'Bello', 'F', 8),
    (118, 'Sara', 'Henríquez', 'F', 1),
    (119, 'Ana', 'Montecinos', 'F', 5),
    (120, 'Diego', 'Vásquez', 'F', 4),
    (121, 'Valentina', 'Garay', 'F', 10),
    (122, 'Harry', 'Álvarez', 'F', 4),
    (123, 'Luis', 'Vergara', 'M', 4),
    (124, 'Camila', 'Rojas', 'F', 1),
    (125, 'Josefa', 'Campos', 'M', 8),
    (126, 'Jimena', 'Farías', 'M', 3),
    (127, 'Sebastián', 'Jiménez', 'M', 2),
    (128, 'Víctor', 'Cárcamo', 'M', 9),
    (129, 'Patricio', 'Vargas', 'F', 9),
    (130, 'Luis', 'Mora', 'F', 4),
    (131, 'Valeria', 'Córdova', 'F', 3),
    (132, 'Washington', 'Muñoz', 'M', 1),
    (133, 'Sara', 'Díaz', 'M', 1),
    (134, 'Loreto', 'Díaz', 'M', 10),
    (135, 'Raúl', 'Aguirre', 'M', 4),
    (136, 'Joaquín', 'Gutiérrez', 'F', 6),
    (137, 'Lucy', 'Garrido', 'F', 9),
    (138, 'Alonso', 'Garrido', 'F', 7),
    (139, 'Claudio', 'Reyes', 'M', 8),
    (140, 'Solange', 'Rebolledo', 'F', 2),
    (141, 'Mauricio', 'Pinto', 'M', 6),
    (142, 'Aída', 'Hernández', 'M', 3),
    (143, 'Francisco', 'Rivera', 'M', 10),
    (144, 'Antonia', 'Torres', 'F', 10),
    (145, 'Judith', 'Donoso', 'M', 2),
    (146, 'Víctor', 'Bravo', 'F', 8),
    (147, 'Antonella', 'Cortés', 'M', 4),
    (148, 'Claudia', 'Medina', 'M', 8),
    (149, 'Catalina', 'Pérez', 'F', 3),
    (150, 'Trinidad', 'Araya', 'M', 6),
    (151, 'Sergio', 'Pastén', 'M', 1),
    (152, 'Adriana', 'Valdivia', 'M', 6),
    (153, 'Camila', 'Sánchez', 'F', 3),
    (154, 'Beatriz', 'Águila', 'F', 7),
    (155, 'Andrea', 'Caro', 'M', 10),
    (156, 'Julián', 'Bravo', 'F', 5),
    (157, 'Máximo', 'Valdebenito', 'F', 5),
    (158, 'Andrea', 'Leiva', 'M', 6),
    (159, 'Vanessa', 'Araya', 'M', 6),
    (160, 'Alejandro', 'Muñoz', 'F', 2),
    (161, 'Matías', 'Martínez', 'F', 10),
    (162, 'Paulina', 'Retamal', 'M', 4),
    (163, 'Clara', 'Mansilla', 'M', 2),
    (164, 'Sara', 'Castillo', 'M', 10),
    (165, 'Jesús', 'Segura', 'F', 1),
    (166, 'Martín', 'Gómez', 'F', 1),
    (167, 'José', 'Rojas', 'M', 9),
    (168, 'Mirna', 'González', 'M', 10),
    (169, 'Yessica', 'López', 'M', 2),
    (170, 'Matías', 'Aguilar', 'F', 5),
    (171, 'Luis', 'Gómez', 'F', 8),
    (172, 'Juan', 'Astudillo', 'F', 5),
    (173, 'José', 'Cárdenas', 'F', 6),
    (174, 'Nidia', 'Soto', 'M', 8),
    (175, 'Andrea', 'Armijo', 'M', 1),
    (176, 'Néstor', 'Pereira', 'M', 5),
    (177, 'Eduardo', 'Morales', 'M', 5),
    (178, 'Leslie', 'Aburto', 'F', 3),
    (179, 'Pamela', 'Mamani', 'F', 7),
    (180, 'María', 'Quintana', 'M', 7),
    (181, 'Yamilet', 'Donoso', 'M', 10),
    (182, 'Franco', 'Vásquez', 'F', 4),
    (183, 'Ariel', 'Álvarez', 'F', 3),
    (184, 'Diego', 'Contreras', 'M', 3),
    (185, 'Juana', 'Soto', 'F', 7),
    (186, 'Paloma', 'López', 'F', 1),
    (187, 'Claudia', 'Baeza', 'M', 10),
    (188, 'Rodrigo', 'Campos', 'F', 3),
    (189, 'María', 'Arroyo', 'F', 3),
    (190, 'Tamara', 'Sepúlveda', 'F', 4),
    (191, 'Josefa', 'Parra', 'F', 9),
    (192, 'Ana', 'Pincheira', 'F', 9),
    (193, 'César', 'Robles', 'F', 8),
    (194, 'Priscila', 'Cárdenas', 'F', 7),
    (195, 'Irma', 'Molina', 'F', 9),
    (196, 'Alejandro', 'Rivas', 'M', 4),
    (197, 'Germán', 'Bugueño', 'F', 3),
    (198, 'Manuel', 'Avendaño', 'F', 1),
    (199, 'Rubén', 'Acosta', 'F', 4),
    (200, 'Ariel', 'Ibáñez', 'M', 5),
    (201, 'Gonzalo', 'Sánchez', 'F', 6),
    (202, 'Carlos', 'Lizama', 'M', 5),
    (203, 'Jean', 'Vásquez', 'M', 5),
    (204, 'Bruno', 'Valenzuela', 'F', 4),
    (205, 'Erica', 'Núñez', 'M', 1),
    (206, 'Ismael', 'Cornejo', 'F', 4),
    (207, 'Bárbara', 'Sepúlveda', 'F', 3),
    (208, 'Ana', 'Arcos', 'F', 3),
    (209, 'Jocelyn', 'Maldonado', 'M', 10),
    (210, 'Pamela', 'Vega', 'F', 3),
    (211, 'Marina', 'Castillo', 'F', 4),
    (212, 'Juan', 'Gómez', 'F', 9),
    (213, 'Luis', 'Silva', 'M', 1),
    (214, 'Arturo', 'González', 'F', 8),
    (215, 'Natalia', 'Escalona', 'F', 6),
    (216, 'María', 'Silva', 'M', 1),
    (217, 'Héctor', 'Olivares', 'M', 7),
    (218, 'Álvaro', 'Fuentes', 'M', 10),
    (219, 'Ernestina', 'Vega', 'M', 1),
    (220, 'Sergio', 'Sepúlveda', 'M', 5),
    (221, 'Jorge', 'Castillo', 'F', 4),
    (222, 'Isabella', 'Cárdenas', 'M', 8),
    (223, 'Diego', 'Ramos', 'M', 1),
    (224, 'Mary', 'Herrera', 'M', 4),
    (225, 'Sergio', 'Urrutia', 'F', 10),
    (226, 'Manuel', 'Muñoz', 'M', 3),
    (227, 'Joaquín', 'Ramos', 'F', 8),
    (228, 'Mariela', 'Manríquez', 'M', 3),
    (229, 'Francisco', 'Vera', 'F', 10),
    (230, 'Richard', 'Soto', 'F', 3),
    (231, 'Benjamín', 'Inostroza', 'M', 6),
    (232, 'Maricela', 'Cuevas', 'M', 3),
    (233, 'Felipe', 'Villagrán', 'M', 3),
    (234, 'Marcela', 'Altamirano', 'M', 6),
    (235, 'Katherine', 'Gallardo', 'F', 2),
    (236, 'Jaime', 'Garrido', 'M', 2),
    (237, 'Patricio', 'Fonseca', 'M', 8),
    (238, 'José', 'Prado', 'M', 3),
    (239, 'Francisco', 'Robles', 'M', 6),
    (240, 'Paulina', 'Espinoza', 'F', 4),
    (241, 'Maximiliano', 'Cerda', 'M', 10),
    (242, 'Katherine', 'Lara', 'F', 6),
    (243, 'Carmen', 'Aguilera', 'F', 3),
    (244, 'Álvaro', 'Torres', 'F', 5),
    (245, 'Bladimir', 'Marín', 'F', 1),
    (246, 'Catalina', 'Medel', 'M', 6),
    (247, 'Mabel', 'Correa', 'M', 10),
    (248, 'Maite', 'Figueroa', 'M', 9),
    (249, 'Patricio', 'Lobos', 'F', 3),
    (250, 'Sofía', 'Molina', 'F', 9);

INSERT INTO
    curso (id_curso, nivel, letra)
VALUES
    (1, 1, 'A'),
    (2, 1, 'B'),
    (3, 2, 'A'),
    (4, 2, 'B'),
    (5, 3, 'A'),
    (6, 3, 'B'),
    (7, 4, 'A'),
    (8, 4, 'B'),
    (9, 5, 'A'),
    (10, 5, 'B'),
    (11, 6, 'A'),
    (12, 6, 'B'),
    (13, 7, 'A'),
    (14, 7, 'B'),
    (15, 8, 'A'),
    (16, 8, 'B');

INSERT INTO
    rol (id_rol, nombre_rol)
VALUES
    (1, 'Profesor'),
    (2, 'Conserje'),
    (3, 'Inspector'),
    (4, 'Rector'),
    (5, 'Secretaria');

INSERT INTO
    franja_horaria (id_franja, hora_inicio, hora_fin, dia)
VALUES
    (1, '08:00:00', '09:00:00', '2023-09-12'),
    (2, '09:00:00', '10:00:00', '2023-09-12'),
    (3, '10:00:00', '11:00:00', '2023-09-12'),
    (4, '11:00:00', '12:00:00', '2023-09-12'),
    (5, '13:00:00', '14:00:00', '2023-09-12'),
    (6, '14:00:00', '15:00:00', '2023-09-12'),
    (7, '16:00:00', '17:00:00', '2023-09-12'),
    (8, '08:00:00', '09:00:00', '2019-09-12'),
    (9, '09:00:00', '10:00:00', '2019-09-12'),
    (10, '10:00:00', '11:00:00', '2019-09-12'),
    (11, '11:00:00', '12:00:00', '2019-09-12'),
    (12, '13:00:00', '14:00:00', '2019-09-12'),
    (13, '14:00:00', '15:00:00', '2019-09-12'),
    (14, '16:00:00', '17:00:00', '2019-09-12'),
    (15, '08:00:00', '09:00:00', '2020-09-12'),
    (16, '09:00:00', '10:00:00', '2020-09-12'),
    (17, '10:00:00', '11:00:00', '2020-09-12'),
    (18, '11:00:00', '12:00:00', '2020-09-12'),
    (19, '13:00:00', '14:00:00', '2020-09-12'),
    (20, '14:00:00', '15:00:00', '2020-09-12'),
    (21, '16:00:00', '17:00:00', '2020-09-12'),
    (22, '08:00:00', '09:00:00', '2021-09-12'),
    (23, '09:00:00', '10:00:00', '2021-09-12'),
    (24, '10:00:00', '11:00:00', '2021-09-12'),
    (25, '11:00:00', '12:00:00', '2021-09-12'),
    (26, '13:00:00', '14:00:00', '2021-09-12'),
    (27, '14:00:00', '15:00:00', '2021-09-12'),
    (28, '16:00:00', '17:00:00', '2021-09-12'),
    (29, '08:00:00', '09:00:00', '2022-09-12'),
    (30, '09:00:00', '10:00:00', '2022-09-12'),
    (31, '10:00:00', '11:00:00', '2022-09-12'),
    (32, '11:00:00', '12:00:00', '2022-09-12'),
    (33, '13:00:00', '14:00:00', '2022-09-12'),
    (34, '14:00:00', '15:00:00', '2022-09-12'),
    (35, '16:00:00', '17:00:00', '2022-09-12');

INSERT INTO
    colegio (id_colegio, nombre, id_comuna)
VALUES
    (1, 'Colegio San Ignacio', 1),
    (2, 'Colegio Santa Úrsula', 2),
    (3, 'Colegio San Francisco', 3),
    (4, 'Colegio Los Andes', 4),
    (5, 'Colegio Santa María', 1);

INSERT INTO
    empleado (id_empleado, sueldo, id_comuna, id_colegio)
VALUES
    (1, 550000, 1, 1),
    (2, 625000, 2, 2),
    (3, 720000, 3, 3),
    (4, 575000, 4, 4),
    (5, 850000, 5, 5),
    (6, 900000, 2, 1),
    (7, 730000, 7, 2),
    (8, 610000, 8, 3),
    (9, 700000, 3, 4),
    (10, 800000, 2, 5),
    (11, 550000, 1, 1),
    (12, 625000, 2, 2),
    (13, 720000, 3, 3),
    (14, 575000, 4, 4),
    (15, 850000, 5, 5),
    (16, 900000, 2, 1),
    (17, 575000, 1, 1),
    (18, 920000, 2, 2),
    (19, 680000, 3, 3),
    (20, 750000, 4, 4),
    (21, 820000, 5, 5);

INSERT INTO
    empleado_rol (id_empleado, id_rol)
VALUES
    (1, 1),
    (2, 1),
    (3, 1),
    (4, 1),
    (5, 1),
    (6, 1),
    (7, 1),
    (8, 1),
    (9, 1),
    (10, 1),
    (11, 2),
    (12, 3),
    (13, 4),
    (14, 5),
    (15, 2);

INSERT INTO
    alumno (
        id_alumno,
        nombre,
        apellido,
        id_colegio,
        id_comuna
    )
VALUES
    (1, 'María', 'Fuentes', 1, 6),
    (2, 'Monserrat', 'Hernández', 1, 6),
    (3, 'Agustina', 'Castillo', 1, 10),
    (4, 'Susana', 'Pérez', 1, 6),
    (5, 'Alejandra', 'Acuña', 1, 5),
    (6, 'Cristofer', 'González', 1, 2),
    (7, 'Eduardo', 'Castañeda', 1, 10),
    (8, 'Raúl', 'García', 1, 4),
    (9, 'Jaime', 'Molina', 1, 9),
    (10, 'Gabriela', 'Venegas', 1, 1),
    (11, 'Dilan', 'Henríquez', 1, 9),
    (12, 'Juan', 'Rozas', 1, 2),
    (13, 'Valentina', 'Barra', 1, 5),
    (14, 'Evelyn', 'Mora', 1, 4),
    (15, 'Teresa', 'Ulloa', 1, 6),
    (16, 'Martín', 'Silva', 1, 8),
    (17, 'Walter', 'Cáceres', 1, 8),
    (18, 'Luis', 'Gutiérrez', 1, 8),
    (19, 'Bryan', 'Gajardo', 1, 2),
    (20, 'Jorge', 'Núñez', 1, 10),
    (21, 'Carolina', 'Fernández', 1, 9),
    (22, 'Julio', 'Mendoza', 1, 9),
    (23, 'Nathalie', 'Cortés', 1, 2),
    (24, 'Vanessa', 'Órdenes', 1, 2),
    (25, 'Francisca', 'Sepúlveda', 1, 8),
    (26, 'Marco', 'Agurto', 1, 5),
    (27, 'Myriam', 'Aravena', 1, 10),
    (28, 'Norberto', 'Jaramillo', 1, 3),
    (29, 'Rafael', 'Troncoso', 1, 6),
    (30, 'Pedro', 'Cabrera', 1, 5),
    (31, 'Alonso', 'Quezada', 1, 6),
    (32, 'Esteban', 'Riquelme', 1, 7),
    (33, 'Rosa', 'Cid', 1, 4),
    (34, 'Miguel', 'Marín', 1, 4),
    (35, 'Arturo', 'Maldonado', 1, 10),
    (36, 'Joaquín', 'Zapata', 1, 7),
    (37, 'Rodrigo', 'Escobar', 1, 3),
    (38, 'Leonor', 'Meza', 1, 7),
    (39, 'Aída', 'Núñez', 1, 5),
    (40, 'Bernardo', 'Quezada', 1, 7),
    (41, 'Sandra', 'López', 1, 10),
    (42, 'Francisco', 'Bastías', 1, 3),
    (43, 'Nancy', 'Román', 1, 2),
    (44, 'Alba', 'Hernández', 1, 2),
    (45, 'Teresa', 'Estay', 1, 1),
    (46, 'Oscar', 'Torres', 1, 6),
    (47, 'Carolina', 'Castillo', 1, 2),
    (48, 'Natali', 'Contreras', 1, 2),
    (49, 'Juan', 'Muñoz', 1, 3),
    (50, 'Antonio', 'Ramírez', 1, 8),
    (51, 'Sophia', 'Rubilar', 2, 8),
    (52, 'Mariela', 'Avendaño', 2, 5),
    (53, 'Germán', 'Zamora', 2, 10),
    (54, 'Vicente', 'Galaz', 2, 5),
    (55, 'Daniela', 'Figueroa', 2, 8),
    (56, 'Fernando', 'Lagos', 2, 3),
    (57, 'Antonia', 'González', 2, 2),
    (58, 'Felipe', 'Marín', 2, 4),
    (59, 'Ernesto', 'Águila', 2, 3),
    (60, 'Anderson', 'Madariaga', 2, 9),
    (61, 'Claudia', 'Luna', 2, 5),
    (62, 'Monica', 'Mansilla', 2, 3),
    (63, 'Jacqueline', 'Arenas', 2, 9),
    (64, 'Elsa', 'Muñoz', 2, 1),
    (65, 'Matías', 'Torres', 2, 5),
    (66, 'María', 'Zúñiga', 2, 2),
    (67, 'Ángel', 'Sepúlveda', 2, 8),
    (68, 'Josefina', 'Luna', 2, 10),
    (69, 'Jorge', 'Torres', 2, 3),
    (70, 'Marcelo', 'Donoso', 2, 6),
    (71, 'Emilia', 'Cabrera', 2, 10),
    (72, 'Raúl', 'Cerda', 2, 6),
    (73, 'Marlene', 'Barría', 2, 10),
    (74, 'Andrés', 'Álvarez', 2, 2),
    (75, 'Marcela', 'Gutiérrez', 2, 4),
    (76, 'Esperanza', 'Garcés', 2, 9),
    (77, 'Nicole', 'Henríquez', 2, 5),
    (78, 'Aída', 'Quiroz', 2, 2),
    (79, 'Paula', 'Vera', 2, 1),
    (80, 'Irma', 'Montoya', 2, 4),
    (81, 'Alfonso', 'Gajardo', 2, 4),
    (82, 'Johnny', 'Mardones', 2, 4),
    (83, 'Angélica', 'Lillo', 2, 5),
    (84, 'Eugenia', 'Gómez', 2, 10),
    (85, 'Eliseo', 'Vera', 2, 2),
    (86, 'Luis', 'Rojas', 2, 8),
    (87, 'John', 'Abarca', 2, 3),
    (88, 'Ignacio', 'Piña', 2, 2),
    (89, 'María', 'Muñoz', 2, 5),
    (90, 'Marcela', 'Mellado', 2, 8),
    (91, 'Ignacio', 'Domínguez', 2, 6),
    (92, 'Rubén', 'Valdebenito', 2, 6),
    (93, 'Rosa', 'Espinoza', 2, 6),
    (94, 'Francisca', 'Molina', 2, 2),
    (95, 'Benjamín', 'Cuevas', 2, 6),
    (96, 'Felipe', 'Correa', 2, 5),
    (97, 'Marcelina', 'Hermosilla', 2, 6),
    (98, 'Marcela', 'Godoy', 2, 1),
    (99, 'Maximiliano', 'Toro', 2, 10),
    (100, 'Catalina', 'Carmona', 2, 9),
    (101, 'Alondra', 'Acevedo', 3, 9),
    (102, 'Brenda', 'López', 3, 4),
    (103, 'Solange', 'Aguilera', 3, 2),
    (104, 'Geraldine', 'Rojas', 3, 8),
    (105, 'Carolina', 'Letelier', 3, 2),
    (106, 'Raquel', 'Avendaño', 3, 2),
    (107, 'Trinidad', 'Olivares', 3, 4),
    (108, 'Álvaro', 'Fuentes', 3, 7),
    (109, 'Marco', 'Rodríguez', 3, 2),
    (110, 'Rosa', 'Rojas', 3, 9),
    (111, 'Paula', 'Gálvez', 3, 6),
    (112, 'Guillermo', 'Contreras', 3, 3),
    (113, 'Oscar', 'Coronado', 3, 5),
    (114, 'Hilda', 'Contreras', 3, 9),
    (115, 'Mateo', 'Martínez', 3, 2),
    (116, 'Elisa', 'Gajardo', 3, 3),
    (117, 'Carlos', 'Salas', 3, 3),
    (118, 'Julio', 'Molina', 3, 2),
    (119, 'Darling', 'González', 3, 2),
    (120, 'Jonathan', 'Reyes', 3, 1),
    (121, 'Benjamín', 'Álvarez', 3, 10),
    (122, 'Guillermo', 'Villa', 3, 2),
    (123, 'María', 'Orrego', 3, 10),
    (124, 'Kiara', 'Neira', 3, 8),
    (125, 'Valeska', 'Jara', 3, 3),
    (126, 'Rosa', 'Arriagada', 3, 7),
    (127, 'Sebastián', 'Orrego', 3, 10),
    (128, 'Juan', 'Toledo', 3, 6),
    (129, 'Gabriel', 'Delgado', 3, 8),
    (130, 'Luis', 'Silva', 3, 2),
    (131, 'Delfina', 'Correa', 3, 5),
    (132, 'Ana', 'Villagra', 3, 3),
    (133, 'Manuel', 'Sepúlveda', 3, 10),
    (134, 'Susana', 'Muñoz', 3, 6),
    (135, 'Josefina', 'Riquelme', 3, 1),
    (136, 'Cristian', 'Cárdenas', 3, 4),
    (137, 'Nelson', 'Palacios', 3, 4),
    (138, 'Sergio', 'Saldaña', 3, 5),
    (139, 'Patricia', 'Barrientos', 3, 2),
    (140, 'Roberto', 'Órdenes', 3, 8),
    (141, 'Pablo', 'Lagos', 3, 5),
    (142, 'Diana', 'Fernández', 3, 1),
    (143, 'Rosa', 'Reyes', 3, 1),
    (144, 'Eduardo', 'Calderón', 3, 1),
    (145, 'Ricardo', 'Quintana', 3, 2),
    (146, 'Walter', 'Villarroel', 3, 3),
    (147, 'Carlos', 'Ramos', 3, 1),
    (148, 'Emily', 'Sepúlveda', 3, 7),
    (149, 'Cristian', 'Ibarra', 3, 2),
    (150, 'María', 'Guerra', 3, 6),
    (151, 'Paula', 'Acosta', 4, 4),
    (152, 'Pamela', 'Peña', 4, 6),
    (153, 'Alejandro', 'Escobar', 4, 6),
    (154, 'Cinthya', 'Villegas', 4, 10),
    (155, 'Lissette', 'Vidal', 4, 1),
    (156, 'Mariana', 'Álvarez', 4, 9),
    (157, 'Cristian', 'Burgos', 4, 9),
    (158, 'Sebastián', 'Pizarro', 4, 1),
    (159, 'Luis', 'Paredes', 4, 10),
    (160, 'Luis', 'Díaz', 4, 10),
    (161, 'Cristóbal', 'Cubillos', 4, 8),
    (162, 'Carolina', 'González', 4, 2),
    (163, 'Katherine', 'Machuca', 4, 9),
    (164, 'Javiera', 'Flores', 4, 2),
    (165, 'Andrés', 'Villagra', 4, 7),
    (166, 'Álvaro', 'Parada', 4, 9),
    (167, 'Gabriel', 'Gómez', 4, 3),
    (168, 'Carlos', 'Salgado', 4, 3),
    (169, 'Graciela', 'Rodríguez', 4, 7),
    (170, 'Bárbara', 'Faúndez', 4, 7),
    (171, 'Mariana', 'Quiroz', 4, 8),
    (172, 'Lilian', 'Sánchez', 4, 9),
    (173, 'Marcia', 'Arellano', 4, 1),
    (174, 'Yenifer', 'Olivares', 4, 3),
    (175, 'Ximena', 'Fernández', 4, 9),
    (176, 'Francisco', 'Jiménez', 4, 4),
    (177, 'Emily', 'Muñoz', 4, 7),
    (178, 'Juan', 'Rocha', 4, 6),
    (179, 'Darwin', 'Ramírez', 4, 1),
    (180, 'Berta', 'Navarro', 4, 1),
    (181, 'Tomás', 'Henríquez', 4, 8),
    (182, 'Cristian', 'Garrido', 4, 6),
    (183, 'Eva', 'Martinez', 4, 2),
    (184, 'Noemí', 'Lillo', 4, 5),
    (185, 'Jorge', 'Salas', 4, 1),
    (186, 'Debora', 'Rivas', 4, 6),
    (187, 'Benjamin', 'Olmedo', 4, 5),
    (188, 'Mario', 'Loyola', 4, 3),
    (189, 'Marcos', 'Inostroza', 4, 5),
    (190, 'Manuel', 'Ramos', 4, 8),
    (191, 'Luis', 'Norambuena', 4, 5),
    (192, 'Camila', 'Carrasco', 4, 9),
    (193, 'Eduardo', 'Sandoval', 4, 9),
    (194, 'María', 'Pérez', 4, 5),
    (195, 'David', 'Quiroz', 4, 8),
    (196, 'Pía', 'Aguilar', 4, 1),
    (197, 'Rodrigo', 'Delgado', 4, 1),
    (198, 'Irma', 'Soto', 4, 9),
    (199, 'Horacio', 'Soto', 4, 6),
    (200, 'William', 'Salazar', 4, 3),
    (201, 'Jorge', 'Meza', 5, 4),
    (202, 'Manuel', 'Lobos', 5, 6),
    (203, 'Teresa', 'Labra', 5, 3),
    (204, 'Anaís', 'Pérez', 5, 10),
    (205, 'Miriam', 'Henríquez', 5, 9),
    (206, 'Mateo', 'Díaz', 5, 5),
    (207, 'Francisco', 'González', 5, 1),
    (208, 'Rodolfo', 'Venegas', 5, 4),
    (209, 'Mercedes', 'Moreno', 5, 2),
    (210, 'Pablo', 'Núñez', 5, 8),
    (211, 'Marcia', 'Suárez', 5, 9),
    (212, 'Dennis', 'Carreño', 5, 10),
    (213, 'Eduardo', 'Quijada', 5, 6),
    (214, 'Francisco', 'Berríos', 5, 5),
    (215, 'Teresa', 'Maturana', 5, 8),
    (216, 'Sandra', 'Navarro', 5, 3),
    (217, 'Guido', 'González', 5, 6),
    (218, 'Álvaro', 'Calderón', 5, 7),
    (219, 'Constanza', 'Muñoz', 5, 2),
    (220, 'Manuel', 'Sandoval', 5, 4),
    (221, 'Borja', 'Díaz', 5, 9),
    (222, 'Julio', 'Espinoza', 5, 8),
    (223, 'Tomás', 'Aguilar', 5, 7),
    (224, 'Eduardo', 'Sepúlveda', 5, 10),
    (225, 'Sofía', 'Oyarzo', 5, 5),
    (226, 'Juan', 'González', 5, 10),
    (227, 'Alejandra', 'Márquez', 5, 4),
    (228, 'Benjamín', 'Rodríguez', 5, 1),
    (229, 'Pedro', 'Maldonado', 5, 1),
    (230, 'Roberto', 'Mondaca', 5, 9),
    (231, 'María', 'Silva', 5, 1),
    (232, 'María', 'Vásquez', 5, 10),
    (233, 'Luis', 'Díaz', 5, 9),
    (234, 'Arnaldo', 'Zamora', 5, 10),
    (235, 'María', 'Torres', 5, 6),
    (236, 'Silvia', 'Correa', 5, 6),
    (237, 'Valeska', 'Arévalo', 5, 6),
    (238, 'Christian', 'Figueroa', 5, 5),
    (239, 'Danae', 'Rojas', 5, 4),
    (240, 'Sonia', 'Vásquez', 5, 6),
    (241, 'Felipe', 'San Martín', 5, 6),
    (242, 'David', 'Muñoz', 5, 3),
    (243, 'Marcelino', 'Rojas', 5, 8),
    (244, 'Pedro', 'Fuentes', 5, 9),
    (245, 'Emelina', 'Roa', 5, 4),
    (246, 'Iván', 'Bustamante', 5, 8),
    (247, 'Margarita', 'Solís', 5, 5),
    (248, 'María', 'Díaz', 5, 9),
    (249, 'Marta', 'Cárdenas', 5, 10),
    (250, 'León', 'Zúñiga', 5, 5);

INSERT INTO
    profesor (id_profesor, nombre, apellido, id_empleado)
VALUES
    (1, 'Eduardo', 'Pinilla', 1),
    (2, 'Susana', 'Mellado', 2),
    (3, 'Pedro', 'Retamales', 3),
    (4, 'Cristina', 'Pino', 4),
    (5, 'Gabriel', 'Guerrero', 5),
    (6, 'Víctor', 'Muñoz', 6),
    (7, 'Antonia', 'Cortés', 7),
    (8, 'Víctor', 'Maldonado', 8),
    (9, 'Matteo', 'Erices', 9),
    (10, 'José', 'Rojas', 10),
    (11, 'Jesús', 'Valenzuela', 11),
    (12, 'Camila', 'Pérez', 12),
    (13, 'Luis', 'Díaz', 13),
    (14, 'Hugo', 'Jara', 14),
    (15, 'Cristian', 'Villanueva', 15),
    (16, 'Luis', 'Villanueva', 16);

INSERT INTO
    curso_alumno (id_alumno, id_curso, anio)
VALUES
    (1, 13, '2023'),
    (2, 9, '2023'),
    (3, 14, '2023'),
    (4, 10, '2023'),
    (5, 3, '2023'),
    (6, 16, '2023'),
    (7, 5, '2023'),
    (8, 2, '2023'),
    (9, 4, '2023'),
    (10, 11, '2023'),
    (11, 14, '2023'),
    (12, 4, '2023'),
    (13, 2, '2023'),
    (14, 11, '2023'),
    (15, 13, '2023'),
    (16, 7, '2023'),
    (17, 10, '2023'),
    (18, 13, '2023'),
    (19, 13, '2023'),
    (20, 6, '2023'),
    (21, 8, '2023'),
    (22, 8, '2023'),
    (23, 2, '2023'),
    (24, 5, '2023'),
    (25, 11, '2023'),
    (26, 14, '2023'),
    (27, 10, '2023'),
    (28, 3, '2023'),
    (29, 14, '2023'),
    (30, 16, '2023'),
    (31, 8, '2023'),
    (32, 6, '2023'),
    (33, 7, '2023'),
    (34, 3, '2023'),
    (35, 8, '2023'),
    (36, 13, '2023'),
    (37, 10, '2023'),
    (38, 1, '2023'),
    (39, 11, '2023'),
    (40, 16, '2023'),
    (41, 8, '2023'),
    (42, 2, '2023'),
    (43, 15, '2023'),
    (44, 9, '2023'),
    (45, 11, '2023'),
    (46, 12, '2023'),
    (47, 9, '2023'),
    (48, 2, '2023'),
    (49, 7, '2023'),
    (50, 2, '2023'),
    (51, 1, '2023'),
    (52, 1, '2023'),
    (53, 11, '2023'),
    (54, 4, '2023'),
    (55, 4, '2023'),
    (56, 7, '2023'),
    (57, 11, '2023'),
    (58, 4, '2023'),
    (59, 13, '2023'),
    (60, 16, '2023'),
    (61, 9, '2023'),
    (62, 10, '2023'),
    (63, 14, '2023'),
    (64, 13, '2023'),
    (65, 5, '2023'),
    (66, 2, '2023'),
    (67, 7, '2023'),
    (68, 13, '2023'),
    (69, 5, '2023'),
    (70, 7, '2023'),
    (71, 11, '2023'),
    (72, 1, '2023'),
    (73, 4, '2023'),
    (74, 2, '2023'),
    (75, 12, '2023'),
    (76, 13, '2023'),
    (77, 6, '2023'),
    (78, 15, '2023'),
    (79, 9, '2023'),
    (80, 11, '2023'),
    (81, 2, '2023'),
    (82, 11, '2023'),
    (83, 1, '2023'),
    (84, 6, '2023'),
    (85, 9, '2023'),
    (86, 9, '2023'),
    (87, 13, '2023'),
    (88, 14, '2023'),
    (89, 12, '2023'),
    (90, 10, '2023'),
    (91, 10, '2023'),
    (92, 14, '2023'),
    (93, 10, '2023'),
    (94, 1, '2023'),
    (95, 12, '2023'),
    (96, 2, '2023'),
    (97, 1, '2023'),
    (98, 4, '2023'),
    (99, 13, '2023'),
    (100, 1, '2023'),
    (101, 8, '2023'),
    (102, 12, '2023'),
    (103, 3, '2023'),
    (104, 2, '2023'),
    (105, 6, '2023'),
    (106, 1, '2023'),
    (107, 2, '2023'),
    (108, 16, '2023'),
    (109, 9, '2023'),
    (110, 10, '2023'),
    (111, 2, '2023'),
    (112, 7, '2023'),
    (113, 11, '2023'),
    (114, 7, '2023'),
    (115, 11, '2023'),
    (116, 1, '2023'),
    (117, 15, '2023'),
    (118, 9, '2023'),
    (119, 9, '2023'),
    (120, 9, '2023'),
    (121, 9, '2023'),
    (122, 13, '2023'),
    (123, 15, '2023'),
    (124, 3, '2023'),
    (125, 9, '2023'),
    (126, 2, '2023'),
    (127, 7, '2023'),
    (128, 1, '2023'),
    (129, 6, '2023'),
    (130, 16, '2023'),
    (131, 4, '2023'),
    (132, 9, '2023'),
    (133, 10, '2023'),
    (134, 2, '2023'),
    (135, 4, '2023'),
    (136, 8, '2023'),
    (137, 7, '2023'),
    (138, 15, '2023'),
    (139, 5, '2023'),
    (140, 13, '2023'),
    (141, 11, '2023'),
    (142, 9, '2023'),
    (143, 2, '2023'),
    (144, 1, '2023'),
    (145, 9, '2023'),
    (146, 2, '2023'),
    (147, 8, '2023'),
    (148, 7, '2023'),
    (149, 12, '2023'),
    (150, 9, '2023'),
    (151, 12, '2023'),
    (152, 15, '2023'),
    (153, 14, '2023'),
    (154, 12, '2023'),
    (155, 7, '2023'),
    (156, 4, '2023'),
    (157, 16, '2023'),
    (158, 15, '2023'),
    (159, 4, '2023'),
    (160, 2, '2023'),
    (161, 13, '2023'),
    (162, 9, '2023'),
    (163, 7, '2023'),
    (164, 12, '2023'),
    (165, 5, '2023'),
    (166, 3, '2023'),
    (167, 13, '2023'),
    (168, 6, '2023'),
    (169, 14, '2023'),
    (170, 2, '2023'),
    (171, 2, '2023'),
    (172, 12, '2023'),
    (173, 9, '2023'),
    (174, 3, '2023'),
    (175, 10, '2023'),
    (176, 8, '2023'),
    (177, 6, '2023'),
    (178, 12, '2023'),
    (179, 16, '2023'),
    (180, 14, '2023'),
    (181, 16, '2023'),
    (182, 9, '2023'),
    (183, 1, '2023'),
    (184, 16, '2023'),
    (185, 12, '2023'),
    (186, 7, '2023'),
    (187, 4, '2023'),
    (188, 15, '2023'),
    (189, 16, '2023'),
    (190, 4, '2023'),
    (191, 3, '2023'),
    (192, 4, '2023'),
    (193, 12, '2023'),
    (194, 16, '2023'),
    (195, 12, '2023'),
    (196, 2, '2023'),
    (197, 2, '2023'),
    (198, 16, '2023'),
    (199, 7, '2023'),
    (200, 11, '2023'),
    (201, 12, '2023'),
    (202, 16, '2023'),
    (203, 8, '2023'),
    (204, 11, '2023'),
    (205, 3, '2023'),
    (206, 10, '2023'),
    (207, 10, '2023'),
    (208, 14, '2023'),
    (209, 3, '2023'),
    (210, 5, '2023'),
    (211, 13, '2023'),
    (212, 6, '2023'),
    (213, 7, '2023'),
    (214, 15, '2023'),
    (215, 5, '2023'),
    (216, 5, '2023'),
    (217, 1, '2023'),
    (218, 9, '2023'),
    (219, 2, '2023'),
    (220, 12, '2023'),
    (221, 14, '2023'),
    (222, 3, '2023'),
    (223, 1, '2023'),
    (224, 12, '2023'),
    (225, 15, '2023'),
    (226, 12, '2023'),
    (227, 6, '2023'),
    (228, 13, '2023'),
    (229, 16, '2023'),
    (230, 2, '2023'),
    (231, 15, '2023'),
    (232, 12, '2023'),
    (233, 1, '2023'),
    (234, 5, '2023'),
    (235, 7, '2023'),
    (236, 16, '2023'),
    (237, 13, '2023'),
    (238, 5, '2023'),
    (239, 8, '2023'),
    (240, 10, '2023'),
    (241, 2, '2023'),
    (242, 2, '2023'),
    (243, 14, '2023'),
    (244, 15, '2023'),
    (245, 4, '2023'),
    (246, 1, '2023'),
    (247, 3, '2023'),
    (248, 13, '2023'),
    (249, 3, '2023'),
    (250, 9, '2023'),
    (1, 13, '2019'),
    (2, 9, '2019'),
    (3, 14, '2019'),
    (4, 10, '2019'),
    (5, 3, '2019'),
    (6, 16, '2019'),
    (7, 5, '2019'),
    (8, 2, '2019'),
    (9, 4, '2019'),
    (10, 11, '2019'),
    (11, 14, '2019'),
    (12, 4, '2019'),
    (13, 2, '2019'),
    (14, 11, '2019'),
    (15, 13, '2019'),
    (16, 7, '2019'),
    (17, 10, '2019'),
    (18, 13, '2019'),
    (19, 13, '2019'),
    (20, 6, '2019'),
    (21, 8, '2019'),
    (22, 8, '2019'),
    (23, 2, '2019'),
    (24, 5, '2019'),
    (25, 11, '2019'),
    (26, 14, '2019'),
    (27, 10, '2019'),
    (28, 3, '2019'),
    (29, 14, '2019'),
    (30, 16, '2019'),
    (31, 8, '2019'),
    (32, 6, '2019'),
    (33, 7, '2019'),
    (34, 3, '2019'),
    (35, 8, '2019'),
    (36, 13, '2019'),
    (37, 10, '2019'),
    (38, 1, '2019'),
    (39, 11, '2019'),
    (40, 16, '2019'),
    (41, 8, '2019'),
    (42, 2, '2019'),
    (43, 15, '2019'),
    (44, 9, '2019'),
    (45, 11, '2019'),
    (46, 12, '2019'),
    (47, 9, '2019'),
    (48, 2, '2019'),
    (49, 7, '2019'),
    (50, 2, '2019'),
    (51, 1, '2019'),
    (52, 1, '2019'),
    (53, 11, '2019'),
    (54, 4, '2019'),
    (55, 4, '2019'),
    (56, 7, '2019'),
    (57, 11, '2019'),
    (58, 4, '2019'),
    (59, 13, '2019'),
    (60, 16, '2019'),
    (61, 9, '2019'),
    (62, 10, '2019'),
    (63, 14, '2019'),
    (64, 13, '2019'),
    (65, 5, '2019'),
    (66, 2, '2019'),
    (67, 7, '2019'),
    (68, 13, '2019'),
    (69, 5, '2019'),
    (70, 7, '2019'),
    (71, 11, '2019'),
    (72, 1, '2019'),
    (73, 4, '2019'),
    (74, 2, '2019'),
    (75, 12, '2019'),
    (76, 13, '2019'),
    (77, 6, '2019'),
    (78, 15, '2019'),
    (79, 9, '2019'),
    (80, 11, '2019'),
    (81, 2, '2019'),
    (82, 11, '2019'),
    (83, 1, '2019'),
    (84, 6, '2019'),
    (85, 9, '2019'),
    (86, 9, '2019'),
    (87, 13, '2019'),
    (88, 14, '2019'),
    (89, 12, '2019'),
    (90, 10, '2019'),
    (91, 10, '2019'),
    (92, 14, '2019'),
    (93, 10, '2019'),
    (94, 1, '2019'),
    (95, 12, '2019'),
    (96, 2, '2019'),
    (97, 1, '2019'),
    (98, 4, '2019'),
    (99, 13, '2019'),
    (100, 1, '2019'),
    (101, 8, '2019'),
    (102, 12, '2019'),
    (103, 3, '2019'),
    (104, 2, '2019'),
    (105, 6, '2019'),
    (106, 1, '2019'),
    (107, 2, '2019'),
    (108, 16, '2019'),
    (109, 9, '2019'),
    (110, 10, '2019'),
    (111, 2, '2019'),
    (112, 7, '2019'),
    (113, 11, '2019'),
    (114, 7, '2019'),
    (115, 11, '2019'),
    (116, 1, '2019'),
    (117, 15, '2019'),
    (118, 9, '2019'),
    (119, 9, '2019'),
    (120, 9, '2019'),
    (121, 9, '2019'),
    (122, 13, '2019'),
    (123, 15, '2019'),
    (124, 3, '2019'),
    (125, 9, '2019'),
    (126, 2, '2019'),
    (127, 7, '2019'),
    (128, 1, '2019'),
    (129, 6, '2019'),
    (130, 16, '2019'),
    (131, 4, '2019'),
    (132, 9, '2019'),
    (133, 10, '2019'),
    (134, 2, '2019'),
    (1, 13, '2020'),
    (2, 9, '2020'),
    (3, 14, '2020'),
    (4, 10, '2020'),
    (5, 3, '2020'),
    (6, 16, '2020'),
    (7, 5, '2020'),
    (8, 2, '2020'),
    (9, 4, '2020'),
    (10, 11, '2020'),
    (11, 14, '2020'),
    (12, 4, '2020'),
    (13, 2, '2020'),
    (14, 11, '2020'),
    (15, 13, '2020'),
    (16, 7, '2020'),
    (17, 10, '2020'),
    (18, 13, '2020'),
    (19, 13, '2020'),
    (20, 6, '2020'),
    (21, 8, '2020'),
    (22, 8, '2020'),
    (23, 2, '2020'),
    (24, 5, '2020'),
    (25, 11, '2020'),
    (26, 14, '2020'),
    (27, 10, '2020'),
    (28, 3, '2020'),
    (29, 14, '2020'),
    (30, 16, '2020'),
    (31, 8, '2020'),
    (32, 6, '2020'),
    (33, 7, '2020'),
    (34, 3, '2020'),
    (35, 8, '2020'),
    (36, 13, '2020'),
    (37, 10, '2020'),
    (38, 1, '2020'),
    (39, 11, '2020'),
    (40, 16, '2020'),
    (41, 8, '2020'),
    (42, 2, '2020'),
    (43, 15, '2020'),
    (44, 9, '2020'),
    (45, 11, '2020'),
    (46, 12, '2020'),
    (47, 9, '2020'),
    (48, 2, '2020'),
    (49, 7, '2020'),
    (50, 2, '2020'),
    (51, 1, '2020'),
    (52, 1, '2020'),
    (53, 11, '2020'),
    (54, 4, '2020'),
    (55, 4, '2020'),
    (56, 7, '2020'),
    (57, 11, '2020'),
    (58, 4, '2020'),
    (59, 13, '2020'),
    (60, 16, '2020'),
    (61, 9, '2020'),
    (62, 10, '2020'),
    (63, 14, '2020'),
    (64, 13, '2020'),
    (65, 5, '2020'),
    (66, 2, '2020'),
    (67, 7, '2020'),
    (68, 13, '2020'),
    (69, 5, '2020'),
    (70, 7, '2020'),
    (71, 11, '2020'),
    (72, 1, '2020'),
    (73, 4, '2020'),
    (74, 2, '2020'),
    (75, 12, '2020'),
    (76, 13, '2020'),
    (77, 6, '2020'),
    (78, 15, '2020'),
    (79, 9, '2020'),
    (80, 11, '2020'),
    (81, 2, '2020'),
    (82, 11, '2020'),
    (83, 1, '2020'),
    (84, 6, '2020'),
    (85, 9, '2020'),
    (86, 9, '2020'),
    (87, 13, '2020'),
    (88, 14, '2020'),
    (89, 12, '2020'),
    (90, 10, '2020'),
    (91, 10, '2020'),
    (92, 14, '2020'),
    (93, 10, '2020'),
    (94, 1, '2020'),
    (95, 12, '2020'),
    (96, 2, '2020'),
    (97, 1, '2020'),
    (98, 4, '2020'),
    (99, 13, '2020'),
    (100, 1, '2020'),
    (1, 13, '2021'),
    (2, 9, '2021'),
    (3, 14, '2021'),
    (4, 10, '2021'),
    (5, 3, '2021'),
    (6, 16, '2021'),
    (7, 5, '2021'),
    (8, 2, '2021'),
    (9, 4, '2021'),
    (10, 11, '2021'),
    (11, 14, '2021'),
    (12, 4, '2021'),
    (13, 2, '2021'),
    (14, 11, '2021'),
    (15, 13, '2021'),
    (16, 7, '2021'),
    (17, 10, '2021'),
    (18, 13, '2021'),
    (19, 13, '2021'),
    (20, 6, '2021'),
    (21, 8, '2021'),
    (22, 8, '2021'),
    (23, 2, '2021'),
    (24, 5, '2021'),
    (25, 11, '2021'),
    (26, 14, '2021'),
    (27, 10, '2021'),
    (28, 3, '2021'),
    (29, 14, '2021'),
    (30, 16, '2021'),
    (31, 8, '2021'),
    (32, 6, '2021'),
    (33, 7, '2021'),
    (34, 3, '2021'),
    (35, 8, '2021'),
    (36, 13, '2021'),
    (37, 10, '2021'),
    (38, 1, '2021'),
    (39, 11, '2021'),
    (40, 16, '2021'),
    (41, 8, '2021'),
    (42, 2, '2021'),
    (43, 15, '2021'),
    (44, 9, '2021'),
    (45, 11, '2021'),
    (46, 12, '2021'),
    (47, 9, '2021'),
    (48, 2, '2021'),
    (49, 7, '2021'),
    (50, 2, '2021'),
    (51, 1, '2021'),
    (52, 1, '2021'),
    (53, 11, '2021'),
    (54, 4, '2021'),
    (55, 4, '2021'),
    (56, 7, '2021'),
    (57, 11, '2021'),
    (58, 4, '2021'),
    (59, 13, '2021'),
    (60, 16, '2021'),
    (61, 9, '2021'),
    (62, 10, '2021'),
    (63, 14, '2021'),
    (64, 13, '2021'),
    (65, 5, '2021'),
    (66, 2, '2021'),
    (67, 7, '2021'),
    (68, 13, '2021'),
    (69, 5, '2021'),
    (70, 7, '2021'),
    (71, 11, '2021'),
    (72, 1, '2021'),
    (73, 4, '2021'),
    (74, 2, '2021'),
    (75, 12, '2021'),
    (76, 13, '2021'),
    (77, 6, '2021'),
    (78, 15, '2021'),
    (79, 9, '2021'),
    (80, 11, '2021'),
    (81, 2, '2021'),
    (82, 11, '2021'),
    (83, 1, '2021'),
    (84, 6, '2021'),
    (85, 9, '2021'),
    (86, 9, '2021'),
    (87, 13, '2021'),
    (88, 14, '2021'),
    (89, 12, '2021'),
    (90, 10, '2021'),
    (91, 10, '2021'),
    (92, 14, '2021'),
    (93, 10, '2021'),
    (94, 1, '2021'),
    (95, 12, '2021'),
    (96, 2, '2021'),
    (97, 1, '2021'),
    (98, 4, '2021'),
    (99, 13, '2021'),
    (100, 1, '2021'),
    (1, 13, '2022'),
    (2, 9, '2022'),
    (3, 14, '2022'),
    (4, 10, '2022'),
    (5, 3, '2022'),
    (6, 16, '2022'),
    (7, 5, '2022'),
    (8, 2, '2022'),
    (9, 4, '2022'),
    (10, 11, '2022'),
    (11, 14, '2022'),
    (12, 4, '2022'),
    (13, 2, '2022'),
    (14, 11, '2022'),
    (15, 13, '2022'),
    (16, 7, '2022'),
    (17, 10, '2022'),
    (18, 13, '2022'),
    (19, 13, '2022'),
    (20, 6, '2022'),
    (21, 8, '2022'),
    (22, 8, '2022'),
    (23, 2, '2022'),
    (24, 5, '2022'),
    (25, 11, '2022'),
    (26, 14, '2022'),
    (27, 10, '2022'),
    (28, 3, '2022'),
    (29, 14, '2022'),
    (30, 16, '2022'),
    (31, 8, '2022'),
    (32, 6, '2022'),
    (33, 7, '2022'),
    (34, 3, '2022'),
    (35, 8, '2022'),
    (36, 13, '2022'),
    (37, 10, '2022'),
    (38, 1, '2022'),
    (39, 11, '2022'),
    (40, 16, '2022'),
    (41, 8, '2022'),
    (42, 2, '2022'),
    (43, 15, '2022'),
    (44, 9, '2022'),
    (45, 11, '2022'),
    (46, 12, '2022'),
    (47, 9, '2022'),
    (48, 2, '2022'),
    (49, 7, '2022'),
    (50, 2, '2022'),
    (51, 1, '2022'),
    (52, 1, '2022'),
    (53, 11, '2022'),
    (54, 4, '2022'),
    (55, 4, '2022'),
    (56, 7, '2022'),
    (57, 11, '2022'),
    (58, 4, '2022'),
    (59, 13, '2022'),
    (60, 16, '2022'),
    (61, 9, '2022'),
    (62, 10, '2022'),
    (63, 14, '2022'),
    (64, 13, '2022'),
    (65, 5, '2022'),
    (66, 2, '2022'),
    (67, 7, '2022'),
    (68, 13, '2022'),
    (69, 5, '2022'),
    (70, 7, '2022'),
    (71, 11, '2022'),
    (72, 1, '2022'),
    (73, 4, '2022'),
    (74, 2, '2022'),
    (75, 12, '2022'),
    (76, 13, '2022'),
    (77, 6, '2022'),
    (78, 15, '2022'),
    (79, 9, '2022'),
    (80, 11, '2022'),
    (81, 2, '2022'),
    (82, 11, '2022'),
    (83, 1, '2022'),
    (84, 6, '2022'),
    (85, 9, '2022'),
    (86, 9, '2022'),
    (87, 13, '2022'),
    (88, 14, '2022'),
    (89, 12, '2022'),
    (90, 10, '2022'),
    (91, 10, '2022'),
    (92, 14, '2022'),
    (93, 10, '2022'),
    (94, 1, '2022'),
    (95, 12, '2022'),
    (96, 2, '2022'),
    (97, 1, '2022'),
    (98, 4, '2022'),
    (99, 13, '2022'),
    (100, 1, '2022');

INSERT INTO
    alumno_apoderado (id_alumno, id_apoderado, es_padreBiologico)
VALUES
    (1, 1, false),
    (2, 2, true),
    (3, 3, true),
    (4, 4, true),
    (5, 5, false),
    (6, 6, true),
    (7, 7, true),
    (8, 8, true),
    (9, 9, true),
    (10, 10, false),
    (11, 11, false),
    (12, 12, true),
    (13, 13, true),
    (14, 14, false),
    (15, 15, false),
    (16, 16, true),
    (17, 17, true),
    (18, 18, false),
    (19, 19, false),
    (20, 20, true),
    (21, 21, false),
    (22, 22, false),
    (23, 23, true),
    (24, 24, true),
    (25, 25, true),
    (26, 26, false),
    (27, 27, true),
    (28, 28, false),
    (29, 29, false),
    (30, 30, true),
    (31, 31, true),
    (32, 32, false),
    (33, 33, true),
    (34, 34, true),
    (35, 35, true),
    (36, 36, true),
    (37, 37, false),
    (38, 38, false),
    (39, 39, true),
    (40, 40, false),
    (41, 41, true),
    (42, 42, false),
    (43, 43, false),
    (44, 44, false),
    (45, 45, false),
    (46, 46, false),
    (47, 47, true),
    (48, 48, false),
    (49, 49, false),
    (50, 50, true),
    (51, 51, false),
    (52, 52, true),
    (53, 53, true),
    (54, 54, true),
    (55, 55, true),
    (56, 56, true),
    (57, 57, false),
    (58, 58, true),
    (59, 59, true),
    (60, 60, true),
    (61, 61, true),
    (62, 62, true),
    (63, 63, true),
    (64, 64, true),
    (65, 65, false),
    (66, 66, true),
    (67, 67, true),
    (68, 68, false),
    (69, 69, true),
    (70, 70, false),
    (71, 71, false),
    (72, 72, true),
    (73, 73, false),
    (74, 74, true),
    (75, 75, true),
    (76, 76, true),
    (77, 77, false),
    (78, 78, true),
    (79, 79, true),
    (80, 80, false),
    (81, 81, false),
    (82, 82, false),
    (83, 83, false),
    (84, 84, true),
    (85, 85, false),
    (86, 86, false),
    (87, 87, true),
    (88, 88, true),
    (89, 89, false),
    (90, 90, false),
    (91, 91, false),
    (92, 92, false),
    (93, 93, true),
    (94, 94, true),
    (95, 95, true),
    (96, 96, true),
    (97, 97, false),
    (98, 98, false),
    (99, 99, true),
    (100, 100, true),
    (101, 101, false),
    (102, 102, true),
    (103, 103, false),
    (104, 104, true),
    (105, 105, true),
    (106, 106, false),
    (107, 107, false),
    (108, 108, false),
    (109, 109, true),
    (110, 110, true),
    (111, 111, false),
    (112, 112, true),
    (113, 113, false),
    (114, 114, true),
    (115, 115, false),
    (116, 116, false),
    (117, 117, false),
    (118, 118, false),
    (119, 119, true),
    (120, 120, true),
    (121, 121, true),
    (122, 122, true),
    (123, 123, false),
    (124, 124, false),
    (125, 125, false),
    (126, 126, false),
    (127, 127, true),
    (128, 128, true),
    (129, 129, false),
    (130, 130, false),
    (131, 131, false),
    (132, 132, false),
    (133, 133, false),
    (134, 134, false),
    (135, 135, true),
    (136, 136, false),
    (137, 137, true),
    (138, 138, true),
    (139, 139, false),
    (140, 140, false),
    (141, 141, false),
    (142, 142, true),
    (143, 143, true),
    (144, 144, true),
    (145, 145, false),
    (146, 146, false),
    (147, 147, false),
    (148, 148, true),
    (149, 149, false),
    (150, 150, true),
    (151, 151, true),
    (152, 152, false),
    (153, 153, true),
    (154, 154, true),
    (155, 155, false),
    (156, 156, false),
    (157, 157, false),
    (158, 158, false),
    (159, 159, false),
    (160, 160, true),
    (161, 161, false),
    (162, 162, false),
    (163, 163, false),
    (164, 164, true),
    (165, 165, false),
    (166, 166, true),
    (167, 167, false),
    (168, 168, true),
    (169, 169, true),
    (170, 170, false),
    (171, 171, true),
    (172, 172, false),
    (173, 173, false),
    (174, 174, true),
    (175, 175, true),
    (176, 176, false),
    (177, 177, false),
    (178, 178, false),
    (179, 179, false),
    (180, 180, true),
    (181, 181, true),
    (182, 182, false),
    (183, 183, false),
    (184, 184, true),
    (185, 185, false),
    (186, 186, true),
    (187, 187, false),
    (188, 188, true),
    (189, 189, true),
    (190, 190, true),
    (191, 191, true),
    (192, 192, false),
    (193, 193, true),
    (194, 194, false),
    (195, 195, true),
    (196, 196, true),
    (197, 197, false),
    (198, 198, true),
    (199, 199, false),
    (200, 200, true),
    (201, 201, false),
    (202, 202, true),
    (203, 203, true),
    (204, 204, true),
    (205, 205, true),
    (206, 206, true),
    (207, 207, false),
    (208, 208, true),
    (209, 209, false),
    (210, 210, false),
    (211, 211, true),
    (212, 212, false),
    (213, 213, true),
    (214, 214, false),
    (215, 215, false),
    (216, 216, false),
    (217, 217, true),
    (218, 218, true),
    (219, 219, false),
    (220, 220, false),
    (221, 221, true),
    (222, 222, false),
    (223, 223, true),
    (224, 224, false),
    (225, 225, false),
    (226, 226, false),
    (227, 227, false),
    (228, 228, true),
    (229, 229, true),
    (230, 230, false),
    (231, 231, false),
    (232, 232, true),
    (233, 233, true),
    (234, 234, true),
    (235, 235, true),
    (236, 236, false),
    (237, 237, false),
    (238, 238, false),
    (239, 239, true),
    (240, 240, false),
    (241, 241, false),
    (242, 242, false),
    (243, 243, false),
    (244, 244, true),
    (245, 245, false),
    (246, 246, false),
    (247, 247, false),
    (248, 248, true),
    (249, 249, false),
    (250, 250, false);

INSERT INTO
    profesor_curso (
        id_profesor,
        id_curso,
        profesor_jefe,
        id_profesor_curso
    )
VALUES
    (13, 12, false, 1),
    (1, 3, false, 2),
    (3, 10, true, 3),
    (7, 9, true, 4),
    (7, 11, false, 5),
    (5, 16, true, 6),
    (11, 14, true, 7),
    (16, 10, true, 8),
    (3, 16, false, 9),
    (1, 11, true, 10),
    (4, 15, true, 11),
    (5, 14, false, 12),
    (6, 10, true, 13),
    (16, 5, false, 14),
    (9, 3, true, 15),
    (10, 1, false, 16),
    (10, 6, false, 17),
    (13, 10, true, 18),
    (8, 2, false, 19),
    (9, 13, false, 20),
    (12, 8, false, 21),
    (6, 12, false, 22),
    (14, 1, true, 23),
    (8, 14, false, 24),
    (15, 16, false, 25),
    (11, 6, false, 26),
    (2, 16, false, 27),
    (4, 11, false, 28),
    (15, 10, true, 29),
    (14, 3, false, 30),
    (2, 3, false, 31),
    (12, 16, true, 32);

INSERT INTO
    profesor_curso_franja (id_profesor_curso, id_franja)
VALUES
    (1, 1),
    (2, 1),
    (3, 1),
    (4, 1),
    (5, 1),
    (6, 1),
    (18, 1),
    (19, 1),
    (20, 1),
    (21, 1),
    (22, 1),
    (23, 1),
    (24, 1),
    (25, 1),
    (26, 1),
    (2, 2),
    (3, 2),
    (4, 2),
    (5, 2),
    (6, 2),
    (7, 2),
    (8, 2),
    (9, 2),
    (10, 2),
    (11, 2),
    (12, 2),
    (13, 2),
    (30, 2),
    (31, 2),
    (32, 2),
    (1, 3),
    (2, 3),
    (3, 3),
    (4, 3),
    (13, 3),
    (14, 3),
    (15, 3),
    (16, 3),
    (17, 3),
    (18, 3),
    (19, 3),
    (20, 3),
    (31, 3),
    (32, 3),
    (1, 4),
    (2, 4),
    (3, 4),
    (4, 4),
    (5, 4),
    (6, 4),
    (7, 4),
    (8, 4),
    (9, 4),
    (14, 4),
    (15, 4),
    (20, 4),
    (21, 4),
    (22, 4),
    (23, 4),
    (24, 4),
    (25, 4),
    (26, 4),
    (3, 5),
    (4, 5),
    (5, 5),
    (6, 5),
    (7, 5),
    (8, 5),
    (9, 5),
    (11, 5),
    (12, 5),
    (13, 5),
    (14, 5),
    (15, 5),
    (16, 5),
    (25, 5),
    (26, 5),
    (27, 5),
    (32, 5),
    (1, 6),
    (2, 6),
    (3, 6),
    (4, 6),
    (5, 6),
    (6, 6),
    (7, 6),
    (8, 6),
    (9, 6),
    (10, 6),
    (11, 6),
    (12, 6),
    (13, 6),
    (14, 6),
    (15, 6),
    (16, 6),
    (32, 6),
    (1, 7),
    (2, 7),
    (3, 7),
    (4, 7),
    (5, 7),
    (6, 7),
    (14, 7),
    (15, 7),
    (16, 7),
    (17, 7),
    (18, 7),
    (19, 7),
    (20, 7),
    (21, 7),
    (22, 7),
    (23, 7),
    (24, 7),
    (25, 7),
    (30, 7),
    (31, 7),
    (32, 7),
    ---
    (1, 8),
    (2, 8),
    (3, 8),
    (4, 8),
    (5, 8),
    (6, 8),
    (18, 8),
    (19, 8),
    (20, 8),
    (21, 8),
    (22, 8),
    (23, 8),
    (24, 8),
    (25, 8),
    (26, 8),
    (2, 9),
    (3, 9),
    (4, 9),
    (5, 9),
    (6, 9),
    (7, 9),
    (8, 9),
    (9, 9),
    (10, 10),
    (11, 10),
    (12, 10),
    (13, 10),
    (30, 10),
    (31, 10),
    (32, 10),
    (1, 11),
    (2, 11),
    (3, 11),
    (4, 11),
    (13, 11),
    (14, 11),
    (15, 11),
    (16, 11),
    (17, 11),
    (18, 11),
    (19, 11),
    (20, 11),
    (31, 11),
    (32, 11),
    (1, 12),
    (2, 12),
    (3, 12),
    (4, 12),
    (5, 12),
    (6, 12),
    (7, 12),
    (8, 12),
    (9, 12),
    (14, 12),
    (15, 12),
    (20, 12),
    (21, 12),
    (22, 12),
    (23, 12),
    (24, 12),
    (25, 12),
    (26, 12),
    (3, 13),
    (4, 13),
    (5, 13),
    (6, 13),
    (7, 13),
    (8, 13),
    (9, 13),
    (11, 13),
    (12, 13),
    (13, 13),
    (14, 13),
    (15, 13),
    (16, 13),
    (25, 13),
    (26, 13),
    (27, 13),
    (32, 13),
    (1, 14),
    (2, 14),
    (3, 14),
    (4, 14),
    (5, 14),
    (6, 14),
    (7, 14),
    (8, 14),
    (9, 14),
    (10, 15),
    (11, 15),
    (12, 15),
    (13, 15),
    (14, 15),
    (15, 15),
    (16, 15),
    (32, 15),
    (1, 16),
    (2, 16),
    (3, 16),
    (4, 16),
    (5, 16),
    (6, 16),
    (14, 16),
    (15, 16),
    (16, 16),
    (17, 16),
    (18, 16),
    (19, 16),
    (20, 16),
    (21, 16),
    (22, 16),
    (23, 16),
    (24, 16),
    (25, 16),
    (30, 16),
    (31, 16),
    (32, 16),
    (1, 17),
    (2, 17),
    (3, 17),
    (4, 17),
    (5, 17),
    (6, 17),
    (18, 17),
    (19, 17),
    (20, 17),
    (21, 17),
    (22, 17),
    (23, 17),
    (24, 17),
    (25, 17),
    (26, 17),
    (2, 18),
    (3, 18),
    (4, 18),
    (5, 18),
    (6, 18),
    (7, 18),
    (8, 18),
    (9, 18),
    (10, 19),
    (11, 19),
    (12, 19),
    (13, 19),
    (30, 19),
    (31, 19),
    (32, 19),
    (1, 20),
    (2, 20),
    (3, 20),
    (4, 20),
    (13, 20),
    (14, 20),
    (15, 20),
    (16, 20),
    (17, 20),
    (18, 20),
    (19, 20),
    (20, 20),
    (31, 20),
    (32, 20),
    (1, 21),
    (2, 21),
    (3, 21),
    (4, 21),
    (5, 21),
    (6, 21),
    (7, 21),
    (8, 21),
    (9, 21),
    (14, 21),
    (15, 21),
    (20, 21),
    (21, 21),
    (22, 21),
    (23, 21),
    (24, 21),
    (25, 21),
    (26, 21),
    (3, 22),
    (4, 22),
    (5, 22),
    (6, 22),
    (7, 22),
    (8, 22),
    (9, 22),
    (11, 22),
    (12, 22),
    (13, 22),
    (14, 22),
    (15, 22),
    (16, 22),
    (25, 22),
    (26, 22),
    (27, 22),
    (32, 22),
    (1, 23),
    (2, 23),
    (3, 23),
    (4, 23),
    (5, 23),
    (6, 23),
    (7, 23),
    (8, 23),
    (9, 23),
    (10, 24),
    (11, 24),
    (12, 24),
    (13, 24),
    (14, 24),
    (15, 24),
    (16, 24),
    (32, 24),
    (1, 25),
    (2, 25),
    (3, 25),
    (4, 25),
    (5, 25),
    (6, 25),
    (14, 25),
    (15, 25),
    (16, 25),
    (17, 25),
    (18, 25),
    (19, 25),
    (20, 25),
    (21, 25),
    (22, 25),
    (23, 25),
    (24, 25),
    (25, 25),
    (30, 25),
    (31, 25),
    (32, 25),
    (1, 26),
    (2, 26),
    (3, 26),
    (4, 26),
    (5, 26),
    (6, 26),
    (18, 26),
    (19, 26),
    (20, 26),
    (21, 26),
    (22, 26),
    (23, 26),
    (24, 26),
    (25, 26),
    (26, 26),
    (2, 27),
    (3, 27),
    (4, 27),
    (5, 27),
    (6, 27),
    (7, 27),
    (8, 27),
    (9, 27),
    (10, 28),
    (11, 28),
    (12, 28),
    (13, 28),
    (30, 28),
    (31, 28),
    (32, 28),
    (1, 29),
    (2, 29),
    (3, 29),
    (4, 29),
    (13, 29),
    (14, 29),
    (15, 29),
    (16, 29),
    (17, 29),
    (18, 29),
    (19, 29),
    (20, 29),
    (31, 29),
    (32, 29),
    (1, 30),
    (2, 30),
    (3, 30),
    (4, 30),
    (5, 30),
    (6, 30),
    (7, 30),
    (8, 30),
    (9, 30),
    (14, 30),
    (15, 30),
    (20, 30),
    (21, 30),
    (22, 30),
    (23, 30),
    (24, 30),
    (25, 30),
    (26, 30),
    (3, 31),
    (4, 31),
    (5, 31),
    (6, 31),
    (7, 31),
    (8, 31),
    (9, 31),
    (11, 31),
    (12, 31),
    (13, 31),
    (14, 31),
    (15, 31),
    (16, 31),
    (25, 31),
    (26, 31),
    (27, 31),
    (32, 31),
    (1, 32),
    (2, 32),
    (3, 32),
    (4, 32),
    (5, 32),
    (6, 32),
    (7, 32),
    (8, 32),
    (9, 32),
    (10, 33),
    (11, 33),
    (12, 33),
    (13, 33),
    (14, 33),
    (15, 33),
    (16, 33),
    (32, 33),
    (1, 34),
    (2, 34),
    (3, 34),
    (4, 34),
    (5, 34),
    (6, 34),
    (14, 34),
    (15, 34),
    (16, 34),
    (17, 34),
    (18, 34),
    (19, 34),
    (20, 34),
    (21, 34),
    (22, 34),
    (23, 34),
    (24, 34),
    (25, 34),
    (30, 34),
    (31, 34),
    (32, 34);

INSERT INTO
    franja_alumno (id_franja, id_alumno, asistencia)
VALUES
    (1, 1, true),
    (1, 2, true),
    (1, 3, true),
    (1, 4, false),
    (1, 5, true),
    (1, 6, true),
    (1, 7, true),
    (1, 8, false),
    (1, 9, false),
    (1, 10, true),
    (1, 11, false),
    (1, 12, false),
    (1, 13, false),
    (1, 14, true),
    (1, 15, false),
    (1, 16, false),
    (1, 17, true),
    (1, 18, false),
    (1, 19, true),
    (1, 20, true),
    (1, 21, true),
    (1, 22, true),
    (1, 23, true),
    (1, 24, false),
    (1, 25, false),
    (1, 26, false),
    (1, 27, true),
    (1, 28, true),
    (1, 29, false),
    (1, 30, false),
    (1, 31, true),
    (1, 32, true),
    (1, 33, false),
    (1, 34, true),
    (1, 35, false),
    (1, 36, true),
    (1, 37, true),
    (1, 38, false),
    (1, 39, true),
    (1, 40, true),
    (1, 41, true),
    (1, 42, true),
    (1, 43, true),
    (1, 44, true),
    (1, 45, false),
    (1, 46, true),
    (1, 47, true),
    (1, 48, false),
    (1, 49, false),
    (1, 50, true),
    (1, 51, false),
    (1, 52, false),
    (1, 53, false),
    (1, 54, true),
    (1, 55, false),
    (1, 56, false),
    (1, 57, false),
    (1, 58, true),
    (1, 59, false),
    (1, 60, true),
    (1, 61, true),
    (1, 62, false),
    (1, 63, true),
    (1, 64, true),
    (1, 65, false),
    (1, 66, true),
    (1, 67, false),
    (1, 68, true),
    (1, 69, true),
    (1, 70, false),
    (1, 71, false),
    (1, 72, true),
    (1, 73, false),
    (1, 74, true),
    (1, 75, true),
    (1, 76, true),
    (1, 77, true),
    (1, 78, true),
    (1, 79, false),
    (1, 80, true),
    (1, 81, false),
    (1, 82, false),
    (1, 83, false),
    (1, 84, true),
    (1, 85, false),
    (1, 86, false),
    (1, 87, false),
    (1, 88, false),
    (1, 89, false),
    (1, 90, false),
    (1, 91, false),
    (1, 92, true),
    (1, 93, true),
    (1, 94, false),
    (1, 95, true),
    (1, 96, true),
    (1, 97, true),
    (1, 98, false),
    (1, 99, true),
    (1, 100, false),
    (1, 101, false),
    (1, 102, false),
    (1, 103, true),
    (1, 104, true),
    (1, 105, false),
    (1, 106, true),
    (1, 107, true),
    (1, 108, true),
    (1, 109, true),
    (1, 110, false),
    (1, 111, true),
    (1, 112, true),
    (1, 113, false),
    (1, 114, true),
    (1, 115, false),
    (1, 116, true),
    (1, 117, true),
    (1, 118, true),
    (1, 119, true),
    (1, 120, true),
    (1, 121, true),
    (1, 122, true),
    (1, 123, true),
    (1, 124, true),
    (1, 125, true),
    (1, 126, true),
    (1, 127, false),
    (1, 128, true),
    (1, 129, false),
    (1, 130, false),
    (1, 131, false),
    (1, 132, false),
    (1, 133, true),
    (1, 134, false),
    (1, 135, false),
    (1, 136, false),
    (1, 137, true),
    (1, 138, true),
    (1, 139, false),
    (1, 140, false),
    (1, 141, true),
    (1, 142, true),
    (1, 143, false),
    (1, 144, false),
    (1, 145, true),
    (1, 146, true),
    (1, 147, true),
    (1, 148, false),
    (1, 149, true),
    (1, 150, false),
    (1, 151, false),
    (1, 152, true),
    (1, 153, false),
    (1, 154, false),
    (1, 155, false),
    (1, 156, false),
    (1, 157, true),
    (1, 158, true),
    (1, 159, false),
    (1, 160, true),
    (1, 161, true),
    (1, 162, true),
    (1, 163, false),
    (1, 164, false),
    (1, 165, true),
    (1, 166, false),
    (1, 167, true),
    (1, 168, true),
    (1, 169, false),
    (1, 170, true),
    (1, 171, true),
    (1, 172, false),
    (1, 173, false),
    (1, 174, false),
    (1, 175, true),
    (1, 176, true),
    (1, 177, true),
    (1, 178, true),
    (1, 179, true),
    (1, 180, false),
    (1, 181, false),
    (1, 182, false),
    (1, 183, true),
    (1, 184, false),
    (1, 185, false),
    (1, 186, true),
    (1, 187, true),
    (1, 188, true),
    (1, 189, false),
    (1, 190, false),
    (1, 191, true),
    (1, 192, false),
    (1, 193, true),
    (1, 194, false),
    (1, 195, true),
    (1, 196, false),
    (1, 197, false),
    (1, 198, false),
    (1, 199, true),
    (1, 200, false),
    (1, 201, true),
    (1, 202, false),
    (1, 203, false),
    (1, 204, true),
    (1, 205, false),
    (1, 206, false),
    (1, 207, false),
    (1, 208, true),
    (1, 209, false),
    (1, 210, false),
    (1, 211, false),
    (1, 212, false),
    (1, 213, true),
    (1, 214, false),
    (1, 215, false),
    (1, 216, true),
    (1, 217, false),
    (1, 218, true),
    (1, 219, false),
    (1, 220, false),
    (1, 221, true),
    (1, 222, true),
    (1, 223, true),
    (1, 224, true),
    (1, 225, false),
    (1, 226, false),
    (1, 227, true),
    (1, 228, false),
    (1, 229, false),
    (1, 230, true),
    (1, 231, true),
    (1, 232, false),
    (1, 233, false),
    (1, 234, true),
    (1, 235, false),
    (1, 236, true),
    (1, 237, false),
    (1, 238, false),
    (1, 239, false),
    (1, 240, false),
    (1, 241, true),
    (1, 242, true),
    (1, 243, true),
    (1, 244, true),
    (1, 245, false),
    (1, 246, true),
    (1, 247, true),
    (1, 248, false),
    (1, 249, true),
    (1, 250, true),
    (2, 1, true),
    (2, 2, true),
    (2, 3, true),
    (2, 4, true),
    (2, 5, true),
    (2, 6, false),
    (2, 7, true),
    (2, 8, true),
    (2, 9, false),
    (2, 10, false),
    (2, 11, true),
    (2, 12, false),
    (2, 13, true),
    (2, 14, true),
    (2, 15, true),
    (2, 16, false),
    (2, 17, false),
    (2, 18, false),
    (2, 19, true),
    (2, 20, true),
    (2, 21, true),
    (2, 22, true),
    (2, 23, true),
    (2, 24, false),
    (2, 25, true),
    (2, 26, true),
    (2, 27, true),
    (2, 28, false),
    (2, 29, false),
    (2, 30, true),
    (2, 31, false),
    (2, 32, true),
    (2, 33, false),
    (2, 34, false),
    (2, 35, true),
    (2, 36, true),
    (2, 37, false),
    (2, 38, true),
    (2, 39, true),
    (2, 40, true),
    (2, 41, true),
    (2, 42, true),
    (2, 43, false),
    (2, 44, false),
    (2, 45, true),
    (2, 46, true),
    (2, 47, true),
    (2, 48, true),
    (2, 49, true),
    (2, 50, false),
    (2, 51, true),
    (2, 52, false),
    (2, 53, false),
    (2, 54, true),
    (2, 55, false),
    (2, 56, true),
    (2, 57, false),
    (2, 58, true),
    (2, 59, true),
    (2, 60, false),
    (2, 61, false),
    (2, 62, true),
    (2, 63, false),
    (2, 64, true),
    (2, 65, false),
    (2, 66, true),
    (2, 67, true),
    (2, 68, false),
    (2, 69, true),
    (2, 70, true),
    (2, 71, true),
    (2, 72, false),
    (2, 73, true),
    (2, 74, false),
    (2, 75, false),
    (2, 76, true),
    (2, 77, true),
    (2, 78, false),
    (2, 79, true),
    (2, 80, false),
    (2, 81, false),
    (2, 82, true),
    (2, 83, false),
    (2, 84, true),
    (2, 85, true),
    (2, 86, false),
    (2, 87, false),
    (2, 88, false),
    (2, 89, true),
    (2, 90, true),
    (2, 91, true),
    (2, 92, false),
    (2, 93, true),
    (2, 94, true),
    (2, 95, false),
    (2, 96, false),
    (2, 97, true),
    (2, 98, false),
    (2, 99, false),
    (2, 100, false),
    (2, 101, false),
    (2, 102, false),
    (2, 103, true),
    (2, 104, true),
    (2, 105, true),
    (2, 106, false),
    (2, 107, false),
    (2, 108, true),
    (2, 109, true),
    (2, 110, false),
    (2, 111, true),
    (2, 112, true),
    (2, 113, true),
    (2, 114, false),
    (2, 115, true),
    (2, 116, false),
    (2, 117, false),
    (2, 118, false),
    (2, 119, false),
    (2, 120, true),
    (2, 121, false),
    (2, 122, false),
    (2, 123, false),
    (2, 124, true),
    (2, 125, true),
    (2, 126, true),
    (2, 127, true),
    (2, 128, false),
    (2, 129, true),
    (2, 130, true),
    (2, 131, false),
    (2, 132, true),
    (2, 133, false),
    (2, 134, false),
    (2, 135, false),
    (2, 136, true),
    (2, 137, true),
    (2, 138, false),
    (2, 139, false),
    (2, 140, true),
    (2, 141, false),
    (2, 142, true),
    (2, 143, true),
    (2, 144, false),
    (2, 145, false),
    (2, 146, true),
    (2, 147, false),
    (2, 148, true),
    (2, 149, false),
    (2, 150, true),
    (2, 151, false),
    (2, 152, true),
    (2, 153, false),
    (2, 154, false),
    (2, 155, false),
    (2, 156, true),
    (2, 157, false),
    (2, 158, true),
    (2, 159, false),
    (2, 160, true),
    (2, 161, true),
    (2, 162, false),
    (2, 163, false),
    (2, 164, false),
    (2, 165, true),
    (2, 166, true),
    (2, 167, true),
    (2, 168, false),
    (2, 169, false),
    (2, 170, false),
    (2, 171, false),
    (2, 172, true),
    (2, 173, true),
    (2, 174, false),
    (2, 175, true),
    (2, 176, false),
    (2, 177, true),
    (2, 178, true),
    (2, 179, false),
    (2, 180, false),
    (2, 181, false),
    (2, 182, true),
    (2, 183, false),
    (2, 184, false),
    (2, 185, false),
    (2, 186, false),
    (2, 187, true),
    (2, 188, false),
    (2, 189, true),
    (2, 190, false),
    (2, 191, false),
    (2, 192, true),
    (2, 193, false),
    (2, 194, true),
    (2, 195, false),
    (2, 196, false),
    (2, 197, false),
    (2, 198, false),
    (2, 199, false),
    (2, 200, false),
    (2, 201, false),
    (2, 202, true),
    (2, 203, false),
    (2, 204, true),
    (2, 205, false),
    (2, 206, true),
    (2, 207, true),
    (2, 208, false),
    (2, 209, true),
    (2, 210, false),
    (2, 211, true),
    (2, 212, true),
    (2, 213, false),
    (2, 214, false),
    (2, 215, true),
    (2, 216, true),
    (2, 217, false),
    (2, 218, true),
    (2, 219, false),
    (2, 220, true),
    (2, 221, true),
    (2, 222, true),
    (2, 223, true),
    (2, 224, true),
    (2, 225, true),
    (2, 226, false),
    (2, 227, false),
    (2, 228, true),
    (2, 229, true),
    (2, 230, false),
    (2, 231, true),
    (2, 232, true),
    (2, 233, true),
    (2, 234, false),
    (2, 235, true),
    (2, 236, false),
    (2, 237, false),
    (2, 238, false),
    (2, 239, false),
    (2, 240, false),
    (2, 241, true),
    (2, 242, false),
    (2, 243, true),
    (2, 244, false),
    (2, 245, false),
    (2, 246, true),
    (2, 247, true),
    (2, 248, false),
    (2, 249, true),
    (2, 250, true),
    (3, 1, false),
    (3, 2, false),
    (3, 3, true),
    (3, 4, false),
    (3, 5, true),
    (3, 6, true),
    (3, 7, false),
    (3, 8, false),
    (3, 9, true),
    (3, 10, false),
    (3, 11, false),
    (3, 12, false),
    (3, 13, true),
    (3, 14, true),
    (3, 15, false),
    (3, 16, true),
    (3, 17, false),
    (3, 18, true),
    (3, 19, true),
    (3, 20, true),
    (3, 21, false),
    (3, 22, true),
    (3, 23, false),
    (3, 24, false),
    (3, 25, true),
    (3, 26, false),
    (3, 27, false),
    (3, 28, false),
    (3, 29, true),
    (3, 30, false),
    (3, 31, true),
    (3, 32, false),
    (3, 33, true),
    (3, 34, true),
    (3, 35, true),
    (3, 36, false),
    (3, 37, true),
    (3, 38, false),
    (3, 39, false),
    (3, 40, true),
    (3, 41, true),
    (3, 42, true),
    (3, 43, false),
    (3, 44, false),
    (3, 45, true),
    (3, 46, false),
    (3, 47, true),
    (3, 48, true),
    (3, 49, true),
    (3, 50, false),
    (3, 51, true),
    (3, 52, false),
    (3, 53, false),
    (3, 54, true),
    (3, 55, true),
    (3, 56, false),
    (3, 57, false),
    (3, 58, true),
    (3, 59, true),
    (3, 60, false),
    (3, 61, true),
    (3, 62, false),
    (3, 63, true),
    (3, 64, false),
    (3, 65, true),
    (3, 66, true),
    (3, 67, true),
    (3, 68, false),
    (3, 69, true),
    (3, 70, true),
    (3, 71, true),
    (3, 72, false),
    (3, 73, false),
    (3, 74, false),
    (3, 75, false),
    (3, 76, true),
    (3, 77, false),
    (3, 78, false),
    (3, 79, false),
    (3, 80, true),
    (3, 81, false),
    (3, 82, true),
    (3, 83, true),
    (3, 84, false),
    (3, 85, false),
    (3, 86, false),
    (3, 87, true),
    (3, 88, false),
    (3, 89, false),
    (3, 90, false),
    (3, 91, false),
    (3, 92, true),
    (3, 93, true),
    (3, 94, true),
    (3, 95, false),
    (3, 96, true),
    (3, 97, false),
    (3, 98, false),
    (3, 99, true),
    (3, 100, true),
    (3, 101, true),
    (3, 102, true),
    (3, 103, true),
    (3, 104, false),
    (3, 105, true),
    (3, 106, true),
    (3, 107, false),
    (3, 108, false),
    (3, 109, false),
    (3, 110, false),
    (3, 111, false),
    (3, 112, false),
    (3, 113, false),
    (3, 114, false),
    (3, 115, false),
    (3, 116, true),
    (3, 117, false),
    (3, 118, true),
    (3, 119, false),
    (3, 120, false),
    (3, 121, false),
    (3, 122, true),
    (3, 123, false),
    (3, 124, false),
    (3, 125, true),
    (3, 126, true),
    (3, 127, true),
    (3, 128, true),
    (3, 129, false),
    (3, 130, false),
    (3, 131, true),
    (3, 132, false),
    (3, 133, true),
    (3, 134, true),
    (3, 135, true),
    (3, 136, false),
    (3, 137, true),
    (3, 138, true),
    (3, 139, true),
    (3, 140, true),
    (3, 141, true),
    (3, 142, true),
    (3, 143, true),
    (3, 144, false),
    (3, 145, false),
    (3, 146, false),
    (3, 147, true),
    (3, 148, false),
    (3, 149, true),
    (3, 150, true),
    (3, 151, true),
    (3, 152, true),
    (3, 153, false),
    (3, 154, false),
    (3, 155, true),
    (3, 156, false),
    (3, 157, true),
    (3, 158, false),
    (3, 159, false),
    (3, 160, true),
    (3, 161, true),
    (3, 162, true),
    (3, 163, false),
    (3, 164, false),
    (3, 165, true),
    (3, 166, false),
    (3, 167, false),
    (3, 168, true),
    (3, 169, false),
    (3, 170, true),
    (3, 171, true),
    (3, 172, false),
    (3, 173, false),
    (3, 174, false),
    (3, 175, true),
    (3, 176, true),
    (3, 177, false),
    (3, 178, true),
    (3, 179, true),
    (3, 180, true),
    (3, 181, true),
    (3, 182, false),
    (3, 183, true),
    (3, 184, true),
    (3, 185, false),
    (3, 186, true),
    (3, 187, false),
    (3, 188, false),
    (3, 189, false),
    (3, 190, true),
    (3, 191, true),
    (3, 192, true),
    (3, 193, true),
    (3, 194, false),
    (3, 195, true),
    (3, 196, false),
    (3, 197, true),
    (3, 198, true),
    (3, 199, true),
    (3, 200, false),
    (3, 201, true),
    (3, 202, false),
    (3, 203, true),
    (3, 204, false),
    (3, 205, true),
    (3, 206, true),
    (3, 207, false),
    (3, 208, true),
    (3, 209, true),
    (3, 210, true),
    (3, 211, false),
    (3, 212, true),
    (3, 213, false),
    (3, 214, false),
    (3, 215, true),
    (3, 216, false),
    (3, 217, false),
    (3, 218, false),
    (3, 219, true),
    (3, 220, true),
    (3, 221, true),
    (3, 222, false),
    (3, 223, true),
    (3, 224, false),
    (3, 225, false),
    (3, 226, true),
    (3, 227, true),
    (3, 228, true),
    (3, 229, true),
    (3, 230, false),
    (3, 231, true),
    (3, 232, false),
    (3, 233, true),
    (3, 234, true),
    (3, 235, true),
    (3, 236, false),
    (3, 237, true),
    (3, 238, false),
    (3, 239, false),
    (3, 240, true),
    (3, 241, false),
    (3, 242, true),
    (3, 243, false),
    (3, 244, true),
    (3, 245, false),
    (3, 246, false),
    (3, 247, false),
    (3, 248, true),
    (3, 249, false),
    (3, 250, false),
    (4, 1, false),
    (4, 2, false),
    (4, 3, true),
    (4, 4, true),
    (4, 5, false),
    (4, 6, false),
    (4, 7, false),
    (4, 8, false),
    (4, 9, true),
    (4, 10, false),
    (4, 11, false),
    (4, 12, true),
    (4, 13, false),
    (4, 14, true),
    (4, 15, false),
    (4, 16, true),
    (4, 17, false),
    (4, 18, true),
    (4, 19, false),
    (4, 20, true),
    (4, 21, false),
    (4, 22, false),
    (4, 23, false),
    (4, 24, false),
    (4, 25, true),
    (4, 26, false),
    (4, 27, true),
    (4, 28, true),
    (4, 29, false),
    (4, 30, true),
    (4, 31, true),
    (4, 32, true),
    (4, 33, false),
    (4, 34, true),
    (4, 35, false),
    (4, 36, true),
    (4, 37, false),
    (4, 38, true),
    (4, 39, false),
    (4, 40, false),
    (4, 41, false),
    (4, 42, false),
    (4, 43, false),
    (4, 44, true),
    (4, 45, true),
    (4, 46, false),
    (4, 47, true),
    (4, 48, false),
    (4, 49, false),
    (4, 50, true),
    (4, 51, true),
    (4, 52, true),
    (4, 53, true),
    (4, 54, true),
    (4, 55, false),
    (4, 56, true),
    (4, 57, true),
    (4, 58, false),
    (4, 59, false),
    (4, 60, false),
    (4, 61, false),
    (4, 62, false),
    (4, 63, true),
    (4, 64, true),
    (4, 65, true),
    (4, 66, true),
    (4, 67, false),
    (4, 68, true),
    (4, 69, true),
    (4, 70, true),
    (4, 71, true),
    (4, 72, false),
    (4, 73, false),
    (4, 74, true),
    (4, 75, false),
    (4, 76, false),
    (4, 77, false),
    (4, 78, false),
    (4, 79, true),
    (4, 80, true),
    (4, 81, false),
    (4, 82, false),
    (4, 83, true),
    (4, 84, false),
    (4, 85, false),
    (4, 86, false),
    (4, 87, false),
    (4, 88, false),
    (4, 89, false),
    (4, 90, true),
    (4, 91, false),
    (4, 92, false),
    (4, 93, false),
    (4, 94, true),
    (4, 95, false),
    (4, 96, false),
    (4, 97, false),
    (4, 98, false),
    (4, 99, true),
    (4, 100, true),
    (4, 101, true),
    (4, 102, true),
    (4, 103, false),
    (4, 104, true),
    (4, 105, false),
    (4, 106, true),
    (4, 107, true),
    (4, 108, false),
    (4, 109, true),
    (4, 110, false),
    (4, 111, false),
    (4, 112, true),
    (4, 113, false),
    (4, 114, true),
    (4, 115, false),
    (4, 116, false),
    (4, 117, true),
    (4, 118, true),
    (4, 119, false),
    (4, 120, true),
    (4, 121, true),
    (4, 122, true),
    (4, 123, false),
    (4, 124, true),
    (4, 125, true),
    (4, 126, false),
    (4, 127, true),
    (4, 128, false),
    (4, 129, true),
    (4, 130, false),
    (4, 131, false),
    (4, 132, true),
    (4, 133, true),
    (4, 134, true),
    (4, 135, false),
    (4, 136, false),
    (4, 137, true),
    (4, 138, false),
    (4, 139, true),
    (4, 140, true),
    (4, 141, false),
    (4, 142, true),
    (4, 143, true),
    (4, 144, true),
    (4, 145, true),
    (4, 146, false),
    (4, 147, false),
    (4, 148, true),
    (4, 149, false),
    (4, 150, false),
    (4, 151, false),
    (4, 152, false),
    (4, 153, true),
    (4, 154, false),
    (4, 155, false),
    (4, 156, true),
    (4, 157, true),
    (4, 158, false),
    (4, 159, true),
    (4, 160, false),
    (4, 161, true),
    (4, 162, false),
    (4, 163, false),
    (4, 164, true),
    (4, 165, true),
    (4, 166, false),
    (4, 167, true),
    (4, 168, false),
    (4, 169, false),
    (4, 170, false),
    (4, 171, false),
    (4, 172, true),
    (4, 173, true),
    (4, 174, false),
    (4, 175, true),
    (4, 176, false),
    (4, 177, true),
    (4, 178, true),
    (4, 179, true),
    (4, 180, true),
    (4, 181, true),
    (4, 182, true),
    (4, 183, false),
    (4, 184, true),
    (4, 185, true),
    (4, 186, true),
    (4, 187, true),
    (4, 188, true),
    (4, 189, false),
    (4, 190, true),
    (4, 191, true),
    (4, 192, true),
    (4, 193, false),
    (4, 194, false),
    (4, 195, false),
    (4, 196, false),
    (4, 197, false),
    (4, 198, true),
    (4, 199, true),
    (4, 200, true),
    (4, 201, false),
    (4, 202, false),
    (4, 203, true),
    (4, 204, false),
    (4, 205, true),
    (4, 206, true),
    (4, 207, false),
    (4, 208, false),
    (4, 209, false),
    (4, 210, true),
    (4, 211, true),
    (4, 212, true),
    (4, 213, true),
    (4, 214, false),
    (4, 215, true),
    (4, 216, true),
    (4, 217, true),
    (4, 218, true),
    (4, 219, true),
    (4, 220, true),
    (4, 221, false),
    (4, 222, false),
    (4, 223, true),
    (4, 224, true),
    (4, 225, true),
    (4, 226, false),
    (4, 227, false),
    (4, 228, true),
    (4, 229, false),
    (4, 230, true),
    (4, 231, false),
    (4, 232, true),
    (4, 233, true),
    (4, 234, false),
    (4, 235, false),
    (4, 236, true),
    (4, 237, true),
    (4, 238, true),
    (4, 239, true),
    (4, 240, false),
    (4, 241, true),
    (4, 242, true),
    (4, 243, false),
    (4, 244, false),
    (4, 245, true),
    (4, 246, false),
    (4, 247, false),
    (4, 248, false),
    (4, 249, true),
    (4, 250, false),
    (5, 1, false),
    (5, 2, true),
    (5, 3, false),
    (5, 4, false),
    (5, 5, true),
    (5, 6, true),
    (5, 7, true),
    (5, 8, false),
    (5, 9, false),
    (5, 10, true),
    (5, 11, true),
    (5, 12, true),
    (5, 13, false),
    (5, 14, true),
    (5, 15, true),
    (5, 16, false),
    (5, 17, false),
    (5, 18, false),
    (5, 19, false),
    (5, 20, true),
    (5, 21, false),
    (5, 22, true),
    (5, 23, true),
    (5, 24, false),
    (5, 25, false),
    (5, 26, true),
    (5, 27, false),
    (5, 28, true),
    (5, 29, false),
    (5, 30, false),
    (5, 31, false),
    (5, 32, true),
    (5, 33, false),
    (5, 34, false),
    (5, 35, true),
    (5, 36, true),
    (5, 37, true),
    (5, 38, true),
    (5, 39, false),
    (5, 40, false),
    (5, 41, false),
    (5, 42, true),
    (5, 43, true),
    (5, 44, false),
    (5, 45, false),
    (5, 46, true),
    (5, 47, true),
    (5, 48, false),
    (5, 49, false),
    (5, 50, false),
    (5, 51, false),
    (5, 52, false),
    (5, 53, false),
    (5, 54, false),
    (5, 55, true),
    (5, 56, true),
    (5, 57, true),
    (5, 58, true),
    (5, 59, false),
    (5, 60, true),
    (5, 61, true),
    (5, 62, false),
    (5, 63, true),
    (5, 64, true),
    (5, 65, false),
    (5, 66, false),
    (5, 67, true),
    (5, 68, false),
    (5, 69, false),
    (5, 70, false),
    (5, 71, true),
    (5, 72, true),
    (5, 73, false),
    (5, 74, false),
    (5, 75, false),
    (5, 76, true),
    (5, 77, false),
    (5, 78, false),
    (5, 79, false),
    (5, 80, true),
    (5, 81, false),
    (5, 82, false),
    (5, 83, true),
    (5, 84, true),
    (5, 85, true),
    (5, 86, true),
    (5, 87, false),
    (5, 88, true),
    (5, 89, false),
    (5, 90, true),
    (5, 91, true),
    (5, 92, true),
    (5, 93, false),
    (5, 94, true),
    (5, 95, true),
    (5, 96, true),
    (5, 97, true),
    (5, 98, true),
    (5, 99, true),
    (5, 100, true),
    (5, 101, false),
    (5, 102, true),
    (5, 103, true),
    (5, 104, true),
    (5, 105, false),
    (5, 106, false),
    (5, 107, true),
    (5, 108, true),
    (5, 109, false),
    (5, 110, true),
    (5, 111, true),
    (5, 112, true),
    (5, 113, true),
    (5, 114, true),
    (5, 115, true),
    (5, 116, true),
    (5, 117, true),
    (5, 118, false),
    (5, 119, false),
    (5, 120, true),
    (5, 121, true),
    (5, 122, true),
    (5, 123, true),
    (5, 124, true),
    (5, 125, false),
    (5, 126, true),
    (5, 127, false),
    (5, 128, true),
    (5, 129, false),
    (5, 130, false),
    (5, 131, true),
    (5, 132, false),
    (5, 133, true),
    (5, 134, false),
    (5, 135, false),
    (5, 136, true),
    (5, 137, false),
    (5, 138, true),
    (5, 139, false),
    (5, 140, true),
    (5, 141, true),
    (5, 142, false),
    (5, 143, false),
    (5, 144, true),
    (5, 145, true),
    (5, 146, true),
    (5, 147, false),
    (5, 148, false),
    (5, 149, false),
    (5, 150, true),
    (5, 151, true),
    (5, 152, true),
    (5, 153, false),
    (5, 154, true),
    (5, 155, true),
    (5, 156, false),
    (5, 157, false),
    (5, 158, false),
    (5, 159, true),
    (5, 160, false),
    (5, 161, true),
    (5, 162, true),
    (5, 163, false),
    (5, 164, true),
    (5, 165, true),
    (5, 166, false),
    (5, 167, true),
    (5, 168, false),
    (5, 169, false),
    (5, 170, false),
    (5, 171, true),
    (5, 172, false),
    (5, 173, true),
    (5, 174, false),
    (5, 175, false),
    (5, 176, false),
    (5, 177, false),
    (5, 178, true),
    (5, 179, false),
    (5, 180, true),
    (5, 181, true),
    (5, 182, true),
    (5, 183, false),
    (5, 184, false),
    (5, 185, false),
    (5, 186, false),
    (5, 187, true),
    (5, 188, false),
    (5, 189, true),
    (5, 190, false),
    (5, 191, true),
    (5, 192, true),
    (5, 193, true),
    (5, 194, false),
    (5, 195, false),
    (5, 196, true),
    (5, 197, false),
    (5, 198, true),
    (5, 199, false),
    (5, 200, false),
    (5, 201, true),
    (5, 202, false),
    (5, 203, true),
    (5, 204, true),
    (5, 205, true),
    (5, 206, true),
    (5, 207, false),
    (5, 208, false),
    (5, 209, false),
    (5, 210, true),
    (5, 211, true),
    (5, 212, false),
    (5, 213, true),
    (5, 214, true),
    (5, 215, true),
    (5, 216, false),
    (5, 217, true),
    (5, 218, false),
    (5, 219, false),
    (5, 220, false),
    (5, 221, true),
    (5, 222, true),
    (5, 223, true),
    (5, 224, false),
    (5, 225, true),
    (5, 226, true),
    (5, 227, true),
    (5, 228, true),
    (5, 229, false),
    (5, 230, false),
    (5, 231, true),
    (5, 232, false),
    (5, 233, true),
    (5, 234, false),
    (5, 235, false),
    (5, 236, true),
    (5, 237, true),
    (5, 238, false),
    (5, 239, false),
    (5, 240, true),
    (5, 241, false),
    (5, 242, false),
    (5, 243, false),
    (5, 244, false),
    (5, 245, true),
    (5, 246, true),
    (5, 247, false),
    (5, 248, true),
    (5, 249, true),
    (5, 250, true),
    (6, 1, true),
    (6, 2, false),
    (6, 3, false),
    (6, 4, false),
    (6, 5, false),
    (6, 6, true),
    (6, 7, true),
    (6, 8, false),
    (6, 9, false),
    (6, 10, true),
    (6, 11, false),
    (6, 12, false),
    (6, 13, false),
    (6, 14, false),
    (6, 15, false),
    (6, 16, false),
    (6, 17, true),
    (6, 18, true),
    (6, 19, false),
    (6, 20, true),
    (6, 21, true),
    (6, 22, true),
    (6, 23, false),
    (6, 24, true),
    (6, 25, true),
    (6, 26, true),
    (6, 27, false),
    (6, 28, true),
    (6, 29, false),
    (6, 30, false),
    (6, 31, false),
    (6, 32, true),
    (6, 33, false),
    (6, 34, false),
    (6, 35, false),
    (6, 36, false),
    (6, 37, true),
    (6, 38, true),
    (6, 39, false),
    (6, 40, false),
    (6, 41, false),
    (6, 42, false),
    (6, 43, false),
    (6, 44, true),
    (6, 45, true),
    (6, 46, false),
    (6, 47, false),
    (6, 48, true),
    (6, 49, true),
    (6, 50, true),
    (6, 51, false),
    (6, 52, false),
    (6, 53, false),
    (6, 54, true),
    (6, 55, true),
    (6, 56, false),
    (6, 57, true),
    (6, 58, false),
    (6, 59, true),
    (6, 60, false),
    (6, 61, false),
    (6, 62, false),
    (6, 63, true),
    (6, 64, false),
    (6, 65, true),
    (6, 66, true),
    (6, 67, false),
    (6, 68, true),
    (6, 69, false),
    (6, 70, true),
    (6, 71, false),
    (6, 72, false),
    (6, 73, false),
    (6, 74, true),
    (6, 75, false),
    (6, 76, true),
    (6, 77, true),
    (6, 78, true),
    (6, 79, true),
    (6, 80, false),
    (6, 81, false),
    (6, 82, true),
    (6, 83, true),
    (6, 84, false),
    (6, 85, true),
    (6, 86, true),
    (6, 87, false),
    (6, 88, false),
    (6, 89, false),
    (6, 90, true),
    (6, 91, true),
    (6, 92, false),
    (6, 93, false),
    (6, 94, true),
    (6, 95, false),
    (6, 96, true),
    (6, 97, true),
    (6, 98, true),
    (6, 99, true),
    (6, 100, true),
    (6, 101, true),
    (6, 102, true),
    (6, 103, true),
    (6, 104, false),
    (6, 105, false),
    (6, 106, false),
    (6, 107, false),
    (6, 108, true),
    (6, 109, true),
    (6, 110, false),
    (6, 111, false),
    (6, 112, false),
    (6, 113, false),
    (6, 114, true),
    (6, 115, false),
    (6, 116, true),
    (6, 117, true),
    (6, 118, true),
    (6, 119, false),
    (6, 120, true),
    (6, 121, true),
    (6, 122, true),
    (6, 123, true),
    (6, 124, false),
    (6, 125, false),
    (6, 126, true),
    (6, 127, false),
    (6, 128, true),
    (6, 129, false),
    (6, 130, false),
    (6, 131, true),
    (6, 132, false),
    (6, 133, true),
    (6, 134, false),
    (6, 135, false),
    (6, 136, true),
    (6, 137, true),
    (6, 138, true),
    (6, 139, false),
    (6, 140, false),
    (6, 141, true),
    (6, 142, false),
    (6, 143, false),
    (6, 144, false),
    (6, 145, false),
    (6, 146, false),
    (6, 147, false),
    (6, 148, true),
    (6, 149, false),
    (6, 150, false),
    (6, 151, true),
    (6, 152, true),
    (6, 153, false),
    (6, 154, false),
    (6, 155, false),
    (6, 156, true),
    (6, 157, false),
    (6, 158, false),
    (6, 159, false),
    (6, 160, true),
    (6, 161, true),
    (6, 162, true),
    (6, 163, false),
    (6, 164, true),
    (6, 165, true),
    (6, 166, true),
    (6, 167, true),
    (6, 168, false),
    (6, 169, true),
    (6, 170, false),
    (6, 171, true),
    (6, 172, false),
    (6, 173, true),
    (6, 174, false),
    (6, 175, false),
    (6, 176, true),
    (6, 177, true),
    (6, 178, true),
    (6, 179, true),
    (6, 180, true),
    (6, 181, true),
    (6, 182, true),
    (6, 183, false),
    (6, 184, true),
    (6, 185, true),
    (6, 186, false),
    (6, 187, false),
    (6, 188, true),
    (6, 189, false),
    (6, 190, true),
    (6, 191, false),
    (6, 192, true),
    (6, 193, true),
    (6, 194, true),
    (6, 195, true),
    (6, 196, true),
    (6, 197, false),
    (6, 198, false),
    (6, 199, true),
    (6, 200, false),
    (6, 201, true),
    (6, 202, true),
    (6, 203, false),
    (6, 204, true),
    (6, 205, false),
    (6, 206, true),
    (6, 207, false),
    (6, 208, true),
    (6, 209, true),
    (6, 210, true),
    (6, 211, false),
    (6, 212, true),
    (6, 213, false),
    (6, 214, false),
    (6, 215, true),
    (6, 216, false),
    (6, 217, false),
    (6, 218, true),
    (6, 219, false),
    (6, 220, false),
    (6, 221, false),
    (6, 222, true),
    (6, 223, false),
    (6, 224, true),
    (6, 225, true),
    (6, 226, true),
    (6, 227, true),
    (6, 228, false),
    (6, 229, true),
    (6, 230, false),
    (6, 231, true),
    (6, 232, true),
    (6, 233, true),
    (6, 234, true),
    (6, 235, true),
    (6, 236, false),
    (6, 237, true),
    (6, 238, true),
    (6, 239, false),
    (6, 240, true),
    (6, 241, true),
    (6, 242, false),
    (6, 243, false),
    (6, 244, true),
    (6, 245, true),
    (6, 246, false),
    (6, 247, true),
    (6, 248, false),
    (6, 249, false),
    (6, 250, true),
    (7, 1, true),
    (7, 2, false),
    (7, 3, false),
    (7, 4, true),
    (7, 5, false),
    (7, 6, false),
    (7, 7, false),
    (7, 8, false),
    (7, 9, false),
    (7, 10, false),
    (7, 11, false),
    (7, 12, false),
    (7, 13, false),
    (7, 14, true),
    (7, 15, false),
    (7, 16, false),
    (7, 17, true),
    (7, 18, true),
    (7, 19, false),
    (7, 20, true),
    (7, 21, true),
    (7, 22, false),
    (7, 23, false),
    (7, 24, false),
    (7, 25, false),
    (7, 26, true),
    (7, 27, false),
    (7, 28, true),
    (7, 29, false),
    (7, 30, false),
    (7, 31, true),
    (7, 32, true),
    (7, 33, false),
    (7, 34, true),
    (7, 35, false),
    (7, 36, true),
    (7, 37, false),
    (7, 38, false),
    (7, 39, false),
    (7, 40, true),
    (7, 41, false),
    (7, 42, false),
    (7, 43, false),
    (7, 44, false),
    (7, 45, true),
    (7, 46, false),
    (7, 47, false),
    (7, 48, false),
    (7, 49, true),
    (7, 50, true),
    (7, 51, true),
    (7, 52, false),
    (7, 53, true),
    (7, 54, true),
    (7, 55, false),
    (7, 56, false),
    (7, 57, false),
    (7, 58, true),
    (7, 59, false),
    (7, 60, false),
    (7, 61, true),
    (7, 62, true),
    (7, 63, true),
    (7, 64, false),
    (7, 65, false),
    (7, 66, false),
    (7, 67, true),
    (7, 68, false),
    (7, 69, false),
    (7, 70, false),
    (7, 71, false),
    (7, 72, true),
    (7, 73, false),
    (7, 74, true),
    (7, 75, false),
    (7, 76, false),
    (7, 77, false),
    (7, 78, false),
    (7, 79, true),
    (7, 80, false),
    (7, 81, false),
    (7, 82, true),
    (7, 83, false),
    (7, 84, true),
    (7, 85, false),
    (7, 86, true),
    (7, 87, false),
    (7, 88, false),
    (7, 89, false),
    (7, 90, true),
    (7, 91, false),
    (7, 92, true),
    (7, 93, false),
    (7, 94, false),
    (7, 95, false),
    (7, 96, true),
    (7, 97, true),
    (7, 98, true),
    (7, 99, true),
    (7, 100, true),
    (7, 101, false),
    (7, 102, false),
    (7, 103, true),
    (7, 104, true),
    (7, 105, false),
    (7, 106, false),
    (7, 107, true),
    (7, 108, true),
    (7, 109, true),
    (7, 110, true),
    (7, 111, true),
    (7, 112, false),
    (7, 113, true),
    (7, 114, true),
    (7, 115, true),
    (7, 116, false),
    (7, 117, false),
    (7, 118, true),
    (7, 119, false),
    (7, 120, false),
    (7, 121, true),
    (7, 122, true),
    (7, 123, false),
    (7, 124, false),
    (7, 125, false),
    (7, 126, false),
    (7, 127, false),
    (7, 128, false),
    (7, 129, false),
    (7, 130, false),
    (7, 131, false),
    (7, 132, false),
    (7, 133, false),
    (7, 134, false),
    (7, 135, true),
    (7, 136, true),
    (7, 137, true),
    (7, 138, true),
    (7, 139, false),
    (7, 140, true),
    (7, 141, false),
    (7, 142, false),
    (7, 143, false),
    (7, 144, true),
    (7, 145, true),
    (7, 146, false),
    (7, 147, false),
    (7, 148, true),
    (7, 149, false),
    (7, 150, false),
    (7, 151, false),
    (7, 152, false),
    (7, 153, false),
    (7, 154, false),
    (7, 155, false),
    (7, 156, true),
    (7, 157, false),
    (7, 158, false),
    (7, 159, true),
    (7, 160, true),
    (7, 161, true),
    (7, 162, false),
    (7, 163, true),
    (7, 164, false),
    (7, 165, true),
    (7, 166, false),
    (7, 167, false),
    (7, 168, false),
    (7, 169, true),
    (7, 170, false),
    (7, 171, true),
    (7, 172, false),
    (7, 173, true),
    (7, 174, true),
    (7, 175, false),
    (7, 176, false),
    (7, 177, true),
    (7, 178, true),
    (7, 179, true),
    (7, 180, false),
    (7, 181, true),
    (7, 182, false),
    (7, 183, true),
    (7, 184, false),
    (7, 185, true),
    (7, 186, true),
    (7, 187, false),
    (7, 188, false),
    (7, 189, true),
    (7, 190, true),
    (7, 191, false),
    (7, 192, true),
    (7, 193, false),
    (7, 194, false),
    (7, 195, true),
    (7, 196, false),
    (7, 197, true),
    (7, 198, true),
    (7, 199, true),
    (7, 200, true),
    (7, 201, false),
    (7, 202, false),
    (7, 203, true),
    (7, 204, false),
    (7, 205, false),
    (7, 206, false),
    (7, 207, false),
    (7, 208, true),
    (7, 209, true),
    (7, 210, false),
    (7, 211, false),
    (7, 212, false),
    (7, 213, false),
    (7, 214, false),
    (7, 215, false),
    (7, 216, true),
    (7, 217, false),
    (7, 218, true),
    (7, 219, false),
    (7, 220, true),
    (7, 221, true),
    (7, 222, false),
    (7, 223, true),
    (7, 224, false),
    (7, 225, false),
    (7, 226, false),
    (7, 227, true),
    (7, 228, true),
    (7, 229, true),
    (7, 230, true),
    (7, 231, true),
    (7, 232, true),
    (7, 233, true),
    (7, 234, false),
    (7, 235, true),
    (7, 236, true),
    (7, 237, true),
    (7, 238, false),
    (7, 239, true),
    (7, 240, false),
    (7, 241, false),
    (7, 242, false),
    (7, 243, true),
    (7, 244, true),
    (7, 245, false),
    (7, 246, true),
    (7, 247, false),
    (7, 248, true),
    (7, 249, false),
    (7, 250, false),
    (8, 1, true),
    (8, 2, false),
    (8, 3, true),
    (9, 4, false),
    (9, 5, true),
    (9, 6, false),
    (10, 7, true),
    (10, 8, false),
    (10, 9, true),
    (11, 10, false),
    (11, 11, true),
    (11, 12, true),
    (12, 13, false),
    (12, 14, true),
    (12, 15, true),
    (13, 16, false),
    (13, 17, false),
    (13, 18, false),
    (14, 19, true),
    (14, 20, false),
    (14, 21, false),
    (15, 22, true),
    (15, 23, false),
    (15, 24, true),
    (16, 25, true),
    (16, 26, false),
    (16, 27, false),
    (17, 28, true),
    (17, 29, true),
    (17, 30, true),
    (18, 31, false),
    (18, 32, true),
    (18, 33, false),
    (19, 34, false),
    (19, 35, true),
    (19, 36, false),
    (20, 37, true),
    (20, 38, true),
    (20, 39, true),
    (21, 40, true),
    (21, 41, true),
    (21, 42, false),
    (22, 43, false),
    (22, 44, true),
    (22, 45, false),
    (23, 46, false),
    (23, 47, true),
    (23, 48, true),
    (24, 49, true),
    (24, 50, false),
    (24, 51, false),
    (25, 52, true),
    (25, 53, true),
    (25, 54, false),
    (26, 55, true),
    (26, 56, true),
    (26, 57, false),
    (27, 58, true),
    (27, 59, false),
    (27, 60, true),
    (28, 61, false),
    (28, 62, false),
    (28, 63, false),
    (29, 64, true),
    (29, 65, true),
    (29, 66, true),
    (30, 67, false),
    (30, 68, true),
    (30, 69, false),
    (31, 70, true),
    (31, 71, false),
    (31, 72, false),
    (32, 73, false),
    (32, 74, false),
    (32, 75, false),
    (33, 76, true),
    (33, 77, true),
    (33, 78, true),
    (34, 79, false),
    (34, 80, false),
    (34, 81, true),
    (35, 82, true),
    (35, 83, false),
    (35, 84, true),
    (8, 85, true),
    (8, 86, true),
    (8, 87, false),
    (9, 88, true),
    (9, 89, true),
    (9, 90, false),
    (10, 91, true),
    (10, 92, false),
    (10, 93, true),
    (11, 94, false),
    (11, 95, true),
    (11, 96, true),
    (12, 97, false),
    (12, 98, false),
    (12, 99, true),
    (13, 100, false),
    (13, 101, true),
    (13, 102, false),
    (14, 103, true),
    (14, 104, false),
    (14, 105, false),
    (15, 106, true),
    (15, 107, false),
    (15, 108, true),
    (16, 109, false),
    (16, 110, true),
    (16, 111, false),
    (17, 112, true),
    (17, 113, false),
    (17, 114, true),
    (18, 115, true),
    (18, 116, true),
    (18, 117, true),
    (19, 118, false),
    (19, 119, true),
    (19, 120, true),
    (20, 121, true),
    (20, 122, false),
    (20, 123, true),
    (21, 124, true),
    (21, 125, false),
    (21, 126, true),
    (22, 127, false),
    (22, 128, false),
    (22, 129, false),
    (23, 130, false),
    (23, 131, true),
    (23, 132, false),
    (24, 133, false),
    (24, 134, true),
    (24, 135, true),
    (25, 136, true),
    (25, 137, false),
    (25, 138, true),
    (26, 139, false),
    (26, 140, true),
    (26, 141, false),
    (27, 142, true),
    (27, 143, true),
    (27, 144, true),
    (28, 145, true),
    (28, 146, true),
    (28, 147, false),
    (29, 148, true),
    (29, 149, true),
    (29, 150, false),
    (30, 151, true),
    (30, 152, false),
    (30, 153, false),
    (31, 154, true),
    (31, 155, false),
    (31, 156, false),
    (32, 157, false),
    (32, 158, false),
    (32, 159, true),
    (33, 160, false),
    (33, 161, false),
    (33, 162, true),
    (34, 163, true),
    (34, 164, true),
    (34, 165, true),
    (35, 166, true),
    (35, 167, false),
    (35, 168, true),
    (8, 169, false),
    (8, 170, true),
    (8, 171, false),
    (9, 172, false),
    (9, 173, true),
    (9, 174, false),
    (10, 175, true),
    (10, 176, false),
    (10, 177, true),
    (11, 178, false),
    (11, 179, false),
    (11, 180, false),
    (12, 181, true),
    (12, 182, true),
    (12, 183, true),
    (13, 184, false),
    (13, 185, true),
    (13, 186, false),
    (14, 187, true),
    (14, 188, true),
    (14, 189, true),
    (15, 190, false),
    (15, 191, false),
    (15, 192, true),
    (16, 193, false),
    (16, 194, true),
    (16, 195, true),
    (17, 196, false),
    (17, 197, true),
    (17, 198, false),
    (18, 199, true),
    (18, 200, false),
    (18, 201, true),
    (19, 202, false),
    (19, 203, true),
    (19, 204, true),
    (20, 205, true),
    (20, 206, false),
    (20, 207, true),
    (21, 208, true),
    (21, 209, false),
    (21, 210, true),
    (22, 211, false),
    (22, 212, false),
    (22, 213, false),
    (23, 214, true),
    (23, 215, false),
    (23, 216, false),
    (24, 217, true),
    (24, 218, false),
    (24, 219, true),
    (25, 220, false),
    (25, 221, true),
    (25, 222, false),
    (26, 223, true),
    (26, 224, true),
    (26, 225, true),
    (27, 226, true),
    (27, 227, false),
    (27, 228, false),
    (28, 229, true),
    (28, 230, false),
    (28, 231, true),
    (29, 232, false),
    (29, 233, false),
    (29, 234, false),
    (30, 235, true),
    (30, 236, true),
    (30, 237, true),
    (31, 238, true),
    (31, 239, true),
    (31, 240, false),
    (32, 241, true),
    (32, 242, false),
    (32, 243, true),
    (33, 244, false),
    (33, 245, true),
    (33, 246, true),
    (34, 247, true),
    (34, 248, false),
    (34, 249, true),
    (35, 250, false);

INSERT INTO
    Empleado_Administrativo (id_administrativo, nombre, apellido, id_empleado)
VALUES
    (1, 'Juan', 'González', 17),
    (2, 'María', 'Martínez', 18),
    (3, 'Pedro', 'López', 19),
    (4, 'Carolina', 'Fernández', 20),
    (5, 'Luis', 'Pérez', 21);